url,username,password,extra,name,grouping,fav
http://www.am-addiction.com/forum/,karseral,5$&i6Fp5)mjc,,am-addiction.com,,0
https://cbilling.net/index.php,ad24b85,08fdf81,,cbilling.net (6),,0
http://www.greek.to/forum/forum.php,ii_die_4,Jrx9JhCx,,greek.to,,0
https://www.bit-hdtv.com/login.php,kafteras,D$PwX3oSiG9^u^&hYQGjm9Jg&t,,bit-hdtv.com,,0
https://www.jccsmart.com/login.aspx,karserasl@hotmail.com,26!yD80x1%VE,,jccsmart.com,,0
http://cbilling.net/,ad24b85,08fdf81 ,,cbilling.net (5),,0
http://darkforestgroup.com/forum/index.php,kokos_1994@hotmail.com,1994boom,,darkforestgroup.com,,0
http://torrentleech.org/torrent/171160,kafteras,5b015a4a,,torrentleech.org (3),,0
https://cbilling.net/index.php,eb2f757,9d37362,,cbilling.net (4),,0
http://www.torrent-invites.com/profile.php,lamprosk,y7F1h*%bvYalD*c&grsV#U3ny13N1,,torrent-invites.com,,0
http://www.sicheats.com/index.php,karserasl,omonoiara1,,sicheats.com,,0
http://simplegr.com/,ii_die_4,omonoiara2,,simplegr.com (3),,0
http://forum.sifteam.eu/,karserasl,UWWm1v5!083vcih$5HcxSY98P8,,sifteam.eu,,0
http://www.thegreekz.com/forum/login.php,ii_die_4,omonoiara2,,thegreekz.com (2),,0
http://www.hellas-music-forum.biz/,ii_die_4,omonoiara,,hellas-music-forum.biz,,0
https://recovermypass.com/,karserasl,omonoiara1,,recovermypass.com,,0
http://www.hongfire.com/index.php,karserasl,mz1ZQzAC,,hongfire.com,,0
http://cfa.ltvliveweb.com/,ii_die_4,omonoiara2,,ltvliveweb.com (3),,0
http://www.nsaneforums.com/index.php,ii_Die_4,3ng#3UDiQP@N$VGu5%9TBSyPQ3,,nsaneforums.com,,0
http://withs2.com/wp-login.php,karserasl,9sWb3Iu!KC0U,,withs2.com,,0
http://www.eurocardsharing.com/f323/speeding-things-up-zapping-with-the-priority-list-a-small-howto-132909-2,karserasl,!3ypn82vi5ggelCr%7crZd#E*7,,eurocardsharing.com,,0
https://cbilling.net/,ad24b85,08fdf81,,cbilling.net (3),,0
http://hd-space.org/index.php,kafteras,omonoiara,,hd-space.org,,0
http://www.gamespot.com/pages/common/login.php,kokos_1994@hotmail.com,1994boom,,gamespot.com (2),,0
http://billing.satbox.biz/login.php,karserasl,omonoiara,,satbox.biz,,0
http://www.zynox.net/forums/attachment.php,karserasl,omonoiara,,zynox.net,,0
http://english.netpincer.hu/index.php,ii_die_4@hotmail.com,7BRMo$SvfJm%k39^6K@Z8s1uJeeP%,,netpincer.hu,,0
http://eune.leagueoflegends.com/,karserasl,0m0noiala0s,,leagueoflegends.com (3),,0
http://www.simplegr.com/,ii_die_4,omonoiara2,,simplegr.com (2),,0
https://cbilling.net/,eb2f757,9d37362,,cbilling.net (2),,0
http://www.neowin.net/forum/index.php,karserasl,omonoiara,,neowin.net (2),,0
http://www.sat-universe.com/attachment.php,karserasl,omonoiara,,sat-universe.com,,0
http://www.wupload.com/account/free-signup,karserasl@hotmail.com,omonoiara,,wupload.com,,0
http://www.primegr.com/authentication.php,karserasl@hotmail.com,omonoiara,,primegr.com,,0
https://store.opendns.com/get/premium-dns/,ii_Die_4,omonoiara,,opendns.com (2),,0
http://skysharing.dyndns.tv/register.php,karserasl@hotmail.com,omonoiara,,dyndns.tv (2),,0
http://www.cardsharingserver.com/,karserasl,Ow588S86821c1KR4,,cardsharingserver.com,,0
http://bakabt.me/settings.php,kafteras,D8hh%jynX#Pz3@ugpQ6nYHUZ0&,,bakabt.me,,0
http://tehparadox.com/forum/,ii_die_4,omonoiara,,tehparadox.com (3),,0
https://www.opendns.com/auth/,ii_Die_4,omonoiara,,opendns.com,,0
https://seka.semmelweis-univ.hu/idp/Authn/UserPassword,bimf6d,Omonoiara.,,semmelweis-univ.hu (2),,0
http://forum.kifines.com/forum/default.asp,ii_die_4,98bfae89,,kifines.com (2),,0
http://www.kifines.net/el/members/change-password,ii_die_4,78541,,kifines.net,,0
https://ugyfelkapu.digi.hu/mail/log,karserasl@digikabel.hu,3sMAaYyt ,,digi.hu,,0
http://forum.port.hu/viewtopic.php,karserasl,omonoiara,,port.hu,,0
http://netload.in/,933070,omonoiara,,netload.in,,0
https://www.amazon.com/gp/cart/view.html/ref=lh_co,karserasl@hotmail.com,p9Q7cbk7$l52,,amazon.com (2),,0
http://thegreekz.com/,ii_die_4,omonoiara2,,thegreekz.com,,0
https://gomel-sat.net/files/2813_mgcamd-1.36a.html,karserasl,omonoiara,,gomel-sat.net (2),,0
http://www.simplegr.com/forum/showthread.php,ii_die_4,omonoiara2,,simplegr.com,,0
https://www.amazon.com/ap/signin,kokos_1994@hotmail.com,ceGZbFJ$%AZIAU9p,,amazon.com,,0
http://webshop.t-home.hu/WHLoginCmd,karserasl@t-online.hu,XjPtUP3K,,t-home.hu,,0
http://forum.notebookreview.com/sony/,karserasl,vMo*Y^pbUYtVHIHR!G*054AC6ek7p,,notebookreview.com,,0
http://xsubs.tv/,ii_die_4,omonoiara,,xsubs.tv,,0
http://gomel-sat.net/forums/index.php,karserasl,omonoiara,,gomel-sat.net,,0
http://leroyexpress.hu/,karserasl,omonoiara,,leroyexpress.hu,,0
http://www.gamespot.com/,kokos_1994@hotmail.com,1994boom,,gamespot.com,,0
http://www.balukonyhaja.hu/login.php,karserasl@hotmail.com,4kustp ,,balukonyhaja.hu,,0
http://tehparadox.com/,ii_die_4,omonoiara,,tehparadox.com (2),,0
https://itc.semmelweis-univ.hu/moodle/login/index.php,bimf6d,Omonoiara.,,semmelweis-univ.hu,,0
http://skysharing.dyndns.tv/login.php,karserasl,omonoiara,,dyndns.tv,,0
http://xn--*neptun2-.sote.xn--hu*-,bimf6d,omonoiara,,neptun,,0
https://eune.leagueoflegends.com/youtube,cry4heals,1994boom,,leagueoflegends.com (2),,0
http://www.neowin.net/forum/index.php,karserasl@hotmail.com,omonoiara,,neowin.net,,0
http://forums.mydigitallife.info/login.php,kafteras,omonoiara,,mydigitallife.info,,0
http://tehparadox.com/forum/f56/,ii_die_4,omonoiara,,tehparadox.com,,0
http://www.darksmurfsub.com/forum/index.php,ii_Die_4,866ea7866b46497,,darksmurfsub.com,,0
https://www.sonystyle.com/webapp/wcs/stores/servlet/LogonForm,karserasl@hotmail.com,omonoiara2,,sonystyle.com,,0
https://cfa.ltvliveweb.com/index.php,ii_die_4,omonoiara2,,ltvliveweb.com,,0
http://cbilling.net/,ad24b85 ,08fdf81,,cbilling.net,,0
http://aja-aja.com/,withs2via,DoNOTchange,,aja-aja.com,,0
http://www.webpilotta.com/,ii_Die_4,omonoiara,,webpilotta.com,,0
http://arstechnica.com/civis/ucp.php,ii_Die_4,dq7GEVvdQYai,,arstechnica.com,,0
http://passport.xiaomi.com/user/register,karserasl@gmail.com,0m0noiara1,,xiaomi.com,,0
http://89.132.181.129/,root,0000,,89.132.181.129 (2),,0
https://www.eshopcy.com.cy/usr_login_enter.phtml,karserasl@hotmail.com,omonoiara,,eshopcy.com.cy (2),,0
https://www.molten-wow.com/,wolar,0m0noiara1,,molten-wow.com,,0
http://www.nintendo.co.uk/NOE/en_GB/club_nintendo/hardwareSurveyFour.do,kafteras,0m0noiara,,nintendo.co.uk (3),,0
http://www.nintendo.co.uk/NOE/en_GB/club_nintendo/activateUserRegistration.do,kafteras@hotmail.com,0m0noiara,,nintendo.co.uk (4),,0
https://www.overclockers.co.uk/login.php,karserasl@hotmail.com,omonoiara,,overclockers.co.uk (2),,0
https://secure.philips.co.uk/c/clubphilips/club_philips_login.jsp,kafteras@hotmail.com,0m0noiara,,secure.philips.co.uk,,0
https://streaming.primetel.com.cy/cyprusleague/default.aspx,karserasl,omonoiara,,streaming.primetel.com.cy,,0
http://wizzair.com/skylights/cgi-bin/skylights.cgi,karserasl@hotmail.com,omonoiara,,wizzair.com,,0
http://www.netload.in/,933070,omonoiara,,netload.in,,0
http://diabolic.com/bi.php?Bi_cid=1752&Bi_formatId=5&Bi_bitrateId=10&Bi_flvPlay=1&app_state=6b926fb419dbc7bb&nats=MC4wLjE1OS4xNTkuMC4wLjAuMA,GEHHEG,1350auto,,diabolic.com,,0
https://portal.bolehvpn.net,karserasl,omonoiara,,portal.bolehvpn.net,,0
http://playmo.tv,,omonoiara,,playmo.tv,,0
http://www.viki.com.prx2.unblocksit.es/sign_in,karserasl@gmail.com,omonoiara,,viki.com.prx2.unblocksit.es,,0
https://www.ibvpn.com,karserasl@gmail.com,omonoiara,,ibvpn.com,,0
https://login.live.com/login.srf?wa=wsignin1.0&rpsnv=11&ct=1343774126&rver=6.0.5276.0&wp=MCLBI&wlcxt=msdn%24msdn%24msdn&wreply=http%3a%2f%2fmsdn.microsoft.com%2fen-us%2fsubscriptions%2fdownloads%2fdefault.aspx%3fpv%3d36%3a350&lc=1033&id=254354&mkt=en-US,karserasl@hotmail.com,O!36yTZd7LN&njaBPMXk,,login.live.com,,0
http://mobilem.gfrevenge.com/user/login/?id=&layout=full&cng_lang=en-US&connection=hi,tictac577,redskins,,mobilem.gfrevenge.com,,0
http://www.unibytes.com/,79643879612,qwerty,,unibytes.com,,0
http://www.sevenforums.com/newthread.php?do=newthread&f=26,karserasl,omonoiara,,sevenforums.com,,0
https://login.live.com/login.srf?wa=wsignin1.0&rpsnv=11&ct=1346366387&rver=6.1.6206.0&wp=SAPI&wreply=https:%2F%2Faccount.live.com%2Fproofs%2FConfirm%3Fotc%3D*Cl*L2SsMy*qlfAVTnSfp68m!FVZKv0SsSH4TrVAdpAs4PLloB3oBvulmNxoasGXnJFtHq9MLrU7D0fH5584F7FU%24%26proofid%3D00183FFFAE711E4E%26prooftype%3DDeviceID%26mn%3Dii_die_4%2540hotmail.com&lc=1033&id=38936&username=ii_die_4@hotmail.com&cred=p,ii_die_4@hotmail.com,5Iru%DRq%RE1i%,,login.live.com,,0
https://newdb.bankofcyprus.com/netteller/Login.faces,50768280,874394,,newdb.bankofcyprus.com,,0
http://iptorrents.ru/login.php?returnto=%2Fforums.php%3Faction%3Dviewtopic%26topicid%3D78980,kafteras,omonoiara,,iptorrents.ru,,0
https://www.box.com/login,karserasl@gmail.com,ZA&p1XfUgFR3z#hC,,box.com,,0
http://hellastz.com,kafteras,omonoiara,,hellastz.com,,0
http://www.greeksubtitles.gr/login,ii_die_4@hotmail.com,omonoiara,,greeksubtitles.gr,,0
http://britlore.co.uk/boards/threads.php?board_id=1&reset=1&ec=1,kyubi,vjsyUrsZ,,britlore.co.uk,,0
https://www.wertkartenverkauf.com,karserasl@hotmail.com,omonoiara,,wertkartenverkauf.com,,0
http://grooveshark.com/#!/?password&code=9da5e7335764fb572534869b80890056,karserasl@gmail.com,omonoiara,,grooveshark.com,,0
http://soundcloud.com/dj-giorgos/greek-mix-time-by-dj-george,karserasl@gmail.com,omonoiara,,soundcloud.com,,0
https://uploaded.net/#login,kafteras,y3lrpt,,uploaded.net,,0
http://lumfile.com,karserasl,omonoiara,,lumfile.com,,0
https://store.opendns.com/get/premium-dns,ii_die_4@hotmail.com,omonoiara,,store.opendns.com,,0
https://neptun2.sote.hu/hallgato/login2.aspx,bimf6d,omonoiara,,neptun2.sote.hu,,0
https://fileparadox.in,kafteras,omonoiara,,fileparadox.in,,0
https://eu.clickandbuy.com/cgi-bin/clicknbuy-service.pl,karserasl@gmail.com,omonoiara1.,,eu.clickandbuy.com,,0
http://foro.todohdtv.com,kafteras,omonoiara,,foro.todohdtv.com,,0
http://semmelweis-egyetem.hu/aneszteziologia/oktatas/gradualis-orvoskepzes/intensive-therapy-and-anesthesiology-compulsory-intane/lectures-in-intensive-therapy-and-anesthesiology-intane/,,intane2012/2,,semmelweis-egyetem.hu,,0
http://www.mobilephonetalk.com/forum.php,karserasl,omonoiara,,mobilephonetalk.com,,0
https://www.tmart.com,karserasl@gmail.com,omonoiara,,tmart.com,,0
https://account.samsung.com/account/check.do,karserasl@gmail.com,omonoiara1,,account.samsung.com,,0
http://shop.top-hat-sec.com,karserasl@gmail.com,omonoiara1,,shop.top-hat-sec.com,,0
http://top-hat-sec.com/forum/index.php?PHPSESSID=ldv718fnssur7iuq9c3p2ra1c5&board=15.0,kafteras,OmonoiaRA1,,top-hat-sec.com,,0
http://ubuntuforums.org/profile.php?do=editpassword,karseras,hcvb0sKJ,,ubuntuforums.org,,0
http://www.torrentshack.net,kafteras,omonoiara,,torrentshack.net,,0
http://www.torrentbytes.net,kafteras,OmonoiaRA1,,torrentbytes.net,,0
https://www.privatetunnel.com/,karserasl@gmail.com,0m0noiara1,,privatetunnel.com,,0
http://www.lolking.net/account/register,karserasl@gmail.com,omonoiara,,lolking.net,,0
https://www.boxpn.com/order.aspx,karserasl@gmail.com,2JeLU3KE^72cuveB3RX*oF77#E1,,boxpn.com,,0
https://secure1.nespresso.com,karserasl@gmail.com,omonoiara,,secure1.nespresso.com,,0
https://hdts.ru,kafteras,omonoiara,,hdts.ru,,0
https://hd-torrents.org/,kafteras,0m0noiara1,,hd-torrents.org,,0
http://netload.in/index.php,933070,rz8COT,,netload.in,,0
https://localhost,karserasl,kokos1986!,,localhost,,0
https://www.feralhosting.com/login,karserasl@gmail.com,ec09697846e7c4b3,,feralhosting.com,,0
http://www.lendmeurears.com,karserasl@gmail.com,omonoiara,,lendmeurears.com,,0
http://forum.eagleget.com/login.php,karserasl,OvVCB8rG,,forum.eagleget.com,,0
http://www.trandroidev.com,kafteras,omonoiara,,trandroidev.com,,0
https://hd-torrents.net/login.php?returnto=index.php,kafteras,0m0noiara1,,hd-torrents.net,,0
http://www.quora.com/Extraterrestrial-Life/An-alien-has-just-landed-on-the-White-House-lawn-and-is-taking-questions-You-are-a-reporter-and-may-ask-one-question-What-is-your-question,,omonoiara,,quora.com,,0
http://www.dramaload.com,karserasl,omonoiara,,dramaload.com,,0
https://www.seedhost.eu/whmcs/cart.php?a=checkout,karserasl@gmail.com,omonoiara,,seedhost.eu,,0
http://www.pizzagigant.com/land-hun/lang-en/pizzarendeles_etelrendeles-kiemelt_akcios_ajanlatok/,ii_die_4@hotmail.com,omonoiara,,pizzagigant.com,,0
https://secureshop.firstdata.lv/ecomm/ClientHandler?trans_id=AXTPSj5CHutRO%2B4pRdygzDaqYps%3D,08,274,,secureshop.firstdata.lv,,0
http://kaspersky.proguide.vn/dang-ky/,karserasl,omonoiara,,kaspersky.proguide.vn,,0
https://login.live.com/login.srf?wa=wsignin1.0&rpsnv=12&ct=1445802093&rver=6.5.6510.0&wp=SA_20MIN&wreply=https:%2F%2Faccount.live.com%2Fproofs%2FAppPassword&lc=1033&id=38936&mkt=en-US&uaid=dbd5676613ef449eabcadf324b4bd95f,karserasl@gmail.com,0m0noiakka_shyll4#1,,login.live.com,,0
http://www.htcmania.com/login.php?do=login,karserasl,omonoiara,,htcmania.com,,0
https://www.seedmybox.com/manager/cart.php?a=confproduct&i=0,lampros,omonoia,,seedmybox.com,,0
https://www.seedmybox.com,karserasl@gmail.com,omonoiara,,seedmybox.com,,0
https://vps.seedmybox.com:5656/login.php,vmuser1882,omonoia,,vps.seedmybox.com,,0
https://imgbox.com/login,karserasl@gmail.com,omonoiara,,imgbox.com,,0
https://playbits.org,karserasl,omonoiara,,playbits.org,,0
https://playbits.org/account.php?act=signup&returnto=,kafteras,omonoiara,,playbits.org,,0
https://login.skype.com,Karsera.Anna,0m0noiara1,,login.skype.com,,0
http://social.bioware.com/page/me2-dlc,karserasl@hotmail.com,omonoiara,,social.bioware.com,,0
https://hd-torrents.me/login.php?returnto=index.php,kafteras,0m0noiara1,,hd-torrents.me,,0
https://www.paypal.com/cy/cgi-bin/webscr?cmd=_flow&SESSION=WwWo15fkybuPw7c8y68H5Wkw96ZLkbVMohjo8_X37n1DfZoQE-C-wzcesMS&dispatch=c70bbe41527861c2b97c3d1f6a850acfdd2fbb19a3d47242b071efa252ac2167e47ebd1fddf0fdac89ceee2303a028469820a07e13c52e39,karserasL@hotmail.com,n7#w$CYKCg3rXJkl,,paypal.com,,0
http://mysql.seednet.eu/myadmin/,karserasl,Qa04uZ4t9o,,mysql.seednet.eu,,0
http://karserasl.cloud.sn/,karserasl,Qa04uZ4t9o,,karserasl.cloud.sn,,0
https://www.seedboxco.com/auth.php,karserasl@gmail.com,600123cssl18,,seedboxco.com,,0
http://www.hackforums.net,G9_Mad,LuES@1mas3,,hackforums.net,,0
https://hd-torrents.org/torrents.php,kafteras,0m0noiara1,,hd-torrents.org,,0
https://www.probux.com/register.php?bi=3,karserasl,omonoiara,,probux.com,,0
http://virtualcustoms.net,karserasl,omonoiara,,virtualcustoms.net,,0
https://3ds.jccsecure.com/acspage/cap?RID=22&VAA=B,,OmonoiaRA1,,3ds.jccsecure.com,,0
secure.payza.com/login,karserasl@gmail.com,2703,,secure.payza.com,,0
https://member.neteller.com,karserasl@gmail.com,OmonoiaRA1,,member.neteller.com,,0
http://remasteros.com,Karserasl,omonoiara,,remasteros.com,,0
http://shop.fnatic.com/account/register,karserasl@gmail.com,omonoiara,,shop.fnatic.com,,0
www.deviantart.com/,karserasl@gmail.com,omonoiara,,deviantart.com,,0
http://www.ptcrs.com,karserasl,omonoiara,,ptcrs.com,,0
https://secure.imdb.com/oauth/login?origurl=http://www.imdb.com/title/tt1340800/&show_imdb_panel=1,karserasl@hotmail.com,omonoiara,,secure.imdb.com,,0
https://www.tassimo.gr/MyTASSIMO,Lampros,omonoiara,,tassimo.gr,,0
https://www.neobux.com,karserasl@gmail.com,omonoiara,,neobux.com,,0
https://www.neobux.com/m/l/,karserasl,omonoiara,,neobux.com,,0
http://www.nerdbux.com/index.php?view=login,karserasl,omonoiara,,nerdbux.com,,0
http://www.addic7ed.com,kafteras,zoF3HU9Yj6H8o5A&*j2Vj96n5Ql,,addic7ed.com,,0
https://www.androidfilehost.com,karserasl@gmail.com,T3VK3gx8m1j!58iKYep!MbD6toKnQ3X,,androidfilehost.com,,0
https://member.neteller.com/card/virtualCardApplicationStepOne?firstUse=true?modal=true,Karseras Lampros,591180,,member.neteller.com,,0
http://www.soompi.com/login/?action=login,karserasl@gmail.com,O!%mwE6mNQ*I9a2^psoeV47sLw,,soompi.com,,0
https://www.eshopcy.com.cy/usr_login_enter.phtml,wowkarseras@hotmail.com,1994k0k0sboom,,eshopcy.com.cy,,0
http://www.engadget.com/2014/03/09/ponoplayer/#comments,karserasl,omonoiara,,engadget.com,,0
https://my.primetel.com.cy/customer/login.aspx?ReturnUrl=%2fCustomer%2fMainPage.aspx%3flang%3del&lang=el,00019051,omonoiara,,my.primetel.com.cy,,0
https://hdts.ru/login.php,kafteras,0m0noiara1,,hdts.ru,,0
http://raptr.com/login?uid=a510ff9a9335bc1fc8e1c30b9c1653d4&msg_type=&amd=1&utm_source=email_verification&utm_medium=email&utm_campaign=productemailsv1&utm_b=73&verify_email=1&sa_source=raptr&sa_ts=1395450526&sa_nonce=e56b&sa_sig=kEIzRFcdAkHv6SK1ry93IyqUfyo%253D,karserasl,475Nr%@&D*UH,,raptr.com,,0
https://app.mover.io/login,karserasl@gmail.com,1986boom,,app.mover.io,,0
http://www.hellenism.net,karserasl,omonoiara,,hellenism.net,,0
http://www.tonymacx86.com,karserasl,omonoiara,,tonymacx86.com,,0
http://www.ondaforum.com,karserasl,omonoiara,,ondaforum.com,,0
http://www.speedtest.net,karserasl@gmail.com,omonoiara,,speedtest.net,,0
https://airvpn.org,karserasl@gmail.com,0m0noiara1,,airvpn.org,,0
https://ssl.reddit.com,kafteras,W4Lwa9sVXWcEhXK*,,ssl.reddit.com,,0
http://forum.javlover.com,kafteras,omonoiara,,forum.javlover.com,,0
http://8tracks.com/kyungbingsoo/summer-special,karserasl,7Bgs0naK$IK22v*vbs0EMCumBrg!AIX,,8tracks.com,,0
http://teamos-hkrg.com,karserasl,omonoiara,,teamos-hkrg.com,,0
http://www.multiup.org/en/login,karsearsl,fNN0iS8aBE6cb%t89$2Z,,multiup.org,,0
http://kickass.to/windows-7-black-premium-23-x64-2-disk-set-by-kirk-kingbhai-team-os-hkrg-t9298722.html#comment,,spiqui,,Generated Password for kickass.to,,0
http://kickass.to/windows-7-black-premium-23-x64-2-disk-set-by-kirk-kingbhai-team-os-hkrg-t9298722.html#comment,Karserasl,GlN00zUgbt93,,kickass.to,,0
https://kickass.to/,ii_die_4@hotmail.com,GlN00zUgbt93,,kickass.to,,0
https://epicpay.com.cy/web/,karserasl@gmail.com,0m0noiara1,,epicpay.com.cy,,0
http://orderfood.com.cy,karserasl@hotmail.com,D9s9zy5oFJh6,,orderfood.com.cy,,0
http://thepiratebay.se/login,kafteras,omonoiara,,thepiratebay.se,Entertainment,0
http://www.remasteros.org/forum/,kafteras,omonoiara,,remasteros.org,,0
http://www.remasteros.org,karserasl@gmail.com,omonoiara,,remasteros.org,,0
https://www.cyta.com.cy/mycyta-register,karserasl@gmail.com,omonoiara1,,cyta.com.cy,,0
http://lampiweb.com/foro/,kafteras,omonoiara,,lampiweb.com,,0
http://forums.guru3d.com,karserasl,omonoiara,,forums.guru3d.com,,0
http://mixlr.com,karserasl,omonoiara,,mixlr.com,,0
http://forums.techdiscussion.in,karserasl,omonoiara,,forums.techdiscussion.in,,0
http://forum.mobilism.org,karserasl,1fBu!9EWJMlLcezF6t&Tj$%uH9*#u,,forum.mobilism.org,,0
http://proxy.doyl.in/mobilism.org/ucp.php?mode=login&sid=012da67394b8a474ffdde4a2cbaa6680,karserasl,omonoiara,,proxy.doyl.in,,0
http://linuxsat-support.com,karserasl,omonoiara,,linuxsat-support.com,,0
http://www.xbmclivetv.com/livetv/index.php?app=core&module=global&section=register,karserasl@gmail.com,omonoiara,,xbmclivetv.com,,0
http://www.xbmclivetv.com/livetv/index.php?app=core&module=global&section=login,karserasl,omonoiara,,xbmclivetv.com,,0
https://hostaccess.org,karserasl,omonoiara,,hostaccess.org,,0
http://www.hqzone.tv/forums/view.php?pg=login,karserasl,omonoiara,,hqzone.tv,,0
http://leakforums.org/member.php?action=login,karserasl,omonoiara,,leakforums.org,,0
https://rarehost.net/amember/member,karserasl,omonoiara,,rarehost.net,,0
http://www.allkpop.com/,karserasl@gmail.com,v*GGxYGZS&3OkPv4,,allkpop.com,,0
https://offsidestreams.com,karserasl,omonoiara,,offsidestreams.com,,0
http://forum.kodi.tv,karserasl,vh8&4Lb4jMvk8Ar%,,forum.kodi.tv,,0
http://www.xunitytalk.com/login.php?do=login,kafteras,omonoiara,,xunitytalk.com,,0
https://www.facebook.com/,karserasl@gmail.com,DTHNv2gjNfIw$hR1Di6Dc%chKPF2#,,facebook.com,Social,0
https://ebill.mtn.com.cy/mymtn/,karserasl@gmail.com,0m0noiara1,,ebill.mtn.com.cy (2),,0
http://www.alldebrid.com,karserasl@gmail.com,okokoseinaimegalos1,,alldebrid.com,,0
https://alldebrid.com/register/?action=login&returnpage=&login_login=karserasl%40gmail.com&login_password=okokoseinaimegalos,karserasl,okokoseinaimegalos1,,alldebrid.com,,0
https://publichd.to,karserasl,omonoiara,,publichd.to,,0
https://www.computeruniverse.net/en/community/login.asp,wowkarseras@hotmail.com,0m0noiara2,,computeruniverse.net,,0
http://www.sportsaccess.se/Login/,karserasl,omonoiara,,sportsaccess.se,,0
https://www.premiumize.me/register,karserasl@gmail.com,omonoiara,,premiumize.me,,0
http://localhost:8080/wizard/one,859385860,qajk6m68sz3nimgw,,localhost,,0
https://www.oznzb.com,karserasl,omonoiara,,oznzb.com,,0
http://forums.tvaddons.ag/login.php?do=login,karserasl,omonoiara,,forums.tvaddons.ag,,0
https://webtv.cytanet.com.cy,karserasl@gmail.com,gA9P%FT^,,webtv.cytanet.com.cy,,0
http://trakt.tv/auth/signin,karserasl,omonoiara,,trakt.tv,,0
http://www.insomnia.gr/topic/555076-%CE%B1%CE%BD%CE%B1%CE%B2%CE%AC%CE%B8%CE%BC%CE%B9%CF%83%CE%B7-%CF%85%CF%80%CE%BF%CE%BB%CE%BF%CE%B3%CE%B9%CF%83%CF%84%CE%AE-%CE%B3%CE%B9%CE%B1-gaming-%CE%BA%CE%B1%CE%B9-%CE%B5%CF%81%CF%8E%CF%84%CE%B7%CF%83%CE%B7-%CF%83%CF%85%CE%BC%CE%B2%CE%B1%CF%84/,ii_die_4,NEk@sDF^61r8b5KMG!I%EnL9zi3xYr*,,insomnia.gr,,0
https://login.live.com/login.srf?wa=wsignin1.0&ct=1421157949&rver=6.1.6206.0&sa=1&ntprob=-1&wp=MBI_SSL_SHARED&wreply=https:%2F%2Fmail.live.com%2F%3Fowa%3D1%26owasuffix%3Dowa%252f&id=64855&snsc=1&cbcxt=mail,wowkarseras@hotmail.com,1994k0k0sboom,,login.live.com,Email,0
http://leshcatlabs.net/forums/ucp.php?mode=register,karserasl,4zYv@U53,,leshcatlabs.net,,0
https://linustechtips.com/main/index.php?app=core&module=global&section=register,karserasl,L8%HifPt,,linustechtips.com,,0
https://ugyfelkapu.digi.hu/user/login:karserasl?_ga=1.176823788.897322747.1419426799,karserasl,0m0noiara1,,ugyfelkapu.digi.hu,,0
http://www.bluechip.hu/profil,karserasl@gmail.com,1a7b976848,,bluechip.hu,,0
https://secure.evga.com/US/login.asp?id=3513603644A649A58C3A10DBA2A9A63C,karserasl@gmail.com,omonoiara,,secure.evga.com,Business,0
https://rog.asus.com/forum/login.php?do=login,karserasl@gmail.com,omonoiara,,rog.asus.com,Business,0
https://signin.ea.com/p/lockbox/login?execution=e1868602647s1&initref=https%3A%2F%2Faccounts.ea.com%3A443%2Fconnect%2Fauth%3Fredirect_uri%3Dhttps%253A%252F%252Fcheckout.origin.com%252Flb-ui%252Flogin%26enableExtStyleSheets%3Dtrue%26locale%3Den_IE%26response_type%3Dcode%26prompt%3Dlogin%26client_id%3Dlockbox,karserasl@hotmail.com,OmonoiaRA1,,signin.ea.com,Games,0
http://offsidestreams.com/site/wp-login.php,kafteras,omonoiara,,offsidestreams.com,,0
https://register.msi.com/sso/smf?ref=http://forum-en.msi.com,karserasl@gmail.com,0m0noiara1,,register.msi.com,,0
http://www.phonearena.com/news/How-to-watch-the-Super-Bowl-from-your-Android-phone-or-tablet-Cortana-picks-the-Pats-to-win_id65428,G9-Kokos,omonoiara,,phonearena.com,,0
https://register.guildwars2.com,Darkmagi,0m0noia la0s,,register.guildwars2.com,Games,0
https://account.guildwars2.com/login?error=true&errors=email&errorcode=401&redirect_uri=%2Faccount%2Fdownload,karserasl@gmail.com,0m0noia la0s,,account.guildwars2.com,Games,0
http://disqus.com/embed/comments/?base=default&version=c27504c6b35de1ede08a7625b5ef4f3c&f=wwwsigmalivecom&t_i=207388&t_u=http%3A%2F%2Fwww.sigmalive.com%2Fsports%2Fteam%2Fomonoia%2F207388%2Fypirxan-tesseris-ksekathares-periptoseis-penalti-vinteo&t_d=%C2%AB%CE%A5%CF%80%CE%AE%CF%81%CF%87%CE%B1%CE%BD%20%CF%84%CE%AD%CF%83%CF%83%CE%B5%CF%81%CE%B9%CF%82%20%CE%BE%CE%B5%CE%BA%CE%AC%CE%B8%CE%B1%CF%81%CE%B5%CF%82%20%CF%80%CE%B5%CF%81%CE%B9%CF%80%CF%84%CF%8E%CF%83%CE%B5%CE%B9%CF%82%20%CF%80%CE%AD%CE%BD%CE%B1%CE%BB%CF%84%CE%B9%C2%BB%20(%CE%92%CE%99%CE%9D%CE%A4%CE%95%CE%9F)&t_t=%C2%AB%CE%A5%CF%80%CE%AE%CF%81%CF%87%CE%B1%CE%BD%20%CF%84%CE%AD%CF%83%CF%83%CE%B5%CF%81%CE%B9%CF%82%20%CE%BE%CE%B5%CE%BA%CE%AC%CE%B8%CE%B1%CF%81%CE%B5%CF%82%20%CF%80%CE%B5%CF%81%CE%B9%CF%80%CF%84%CF%8E%CF%83%CE%B5%CE%B9%CF%82%20%CF%80%CE%AD%CE%BD%CE%B1%CE%BB%CF%84%CE%B9%C2%BB%20(%CE%92%CE%99%CE%9D%CE%A4%CE%95%CE%9F)&s_o=default#2,fafsf@fdafs.com,omonoiara,,disqus.com,Social,0
https://www.jacvapour.com,karserasl@gmail.com,omonoiara,,jacvapour.com,,0
https://www.logitechgpromo.com/gpromo/registration,706275771,Abc*123321*cbA,,logitechgpromo.com,,0
https://store.yubico.com,karserasl@gmail.com,OmonoiaRA1,,store.yubico.com,Business,0
https://iptorrents.us/t,kafteras,0m0noiarA,,iptorrents.us,,0
http://www.zevera.com/account/register,karserasl@gmail.com,omonoiara,,zevera.com,,0
http://www.hdvietnam.com,kafteras,omonoiara,,hdvietnam.com,,0
http://x264-bb.com,kafteras,omonoiara,,x264-bb.com,,0
https://secure.twitch.tv/login?redirect_on_login=%2F,karserasl,AW1GFgE%y412X!cI,,secure.twitch.tv,Games,0
https://www.no1ejuice.com,gkarse01@gmail.com,0m0noiara1,,no1ejuice.com,,0
https://magico.fun/?p=home&pid=1,karserasl,omonoiara,,magico.fun,,0
http://login.rutracker.org/forum/login.php,kafteras,omonoiara,,rutracker.org,,0
https://iptorrents.eu/t?,Wolar,1994k0k0sboom,,iptorrents.eu,,0
https://torrentday.eu,Wolar,0m0noiara2,,torrentday.eu,,0
https://tdonline.org/torrents/,wolar,0m0noiara2,,tdonline.org,,0
https://glass4m.com/checkout-page/,0036706275771,omonoiara,,glass4m.com,,0
http://veehd.com/login,karserasl,omonoiara,,veehd.com,,0
https://www.craftvapery.com/signin,gkarse01@gmail.com,0m0noiara,,craftvapery.com,,0
https://accounts.google.com/ServiceLogin?continue=https%3A%2F%2Fmail.google.com%2Fmail%2F&ltmpl=default&service=mail&sacu=1&scc=1&passive=1209600&acui=1#Email=gkarse01%40gmail.com,gkarse01@gmail.com,0m0noiara3,,accounts.google.com,Email,0
http://republicbox.com,karserasl@gmail.com,omonoiara,,republicbox.com,,0
http://www.itzmyos.com,karserasl,omonoiara,,itzmyos.com,,0
https://members.bet365.com/Members/OpenAccount/?prdid=1&cnt=Sports/Home&rurl=www.bet365.com&oty=1&lng=1,Karseras365,3932,,members.bet365.com,,0
https://avistaz.to/auth/login,kafteras,eTdSaW41sdy3*87CM,,avistaz.to,,0
https://members.bet365.com/Members/Authenticated/Bank/Deposit/CreditDebitCard/QuickDeposit/?prdid=1&ibpid=2221&isb=0&type=1&fls=1&tbs=2&fbs=0&ver=2,50,0m0noiara1,,members.bet365.com,,0
https://classic.torrentday.com/torrents/,wolar,GckTwYQP9SGP%Pp8VumZ,,classic.torrentday.com,,0
https://thepiratebay.gd/login,kafteras,omonoiara,,thepiratebay.gd,,0
https://login.lolesports.com/?region=euw&lang=en_GB&redirect_uri=http%3A%2F%2Feuw.lolesports.com%2Farticles%2Fpower-rankings-622015%23,karserasl,0m0noiala0s,,login.lolesports.com,,0
https://login.leagueoflegends.com/?region=euw&lang=en_GB&redirect_uri=http%3A%2F%2Feuw.leagueoflegends.com%2F,karserasg9,0m0noiala0s,,login.leagueoflegends.com,Games,0
https://offsidestvbsupport.freshdesk.com/support/login,karserasl@hotmail.com,omonoiara,,offsidestvbsupport.freshdesk.com,,0
http://www.porn-w.org/ucp.php?mode=register,Wolar,VEzs7O,,porn-w.org,,0
https://help.steampowered.com/#Login?redir=%23Home%3Fsessionid%3Debd8bd3c6c384a106911ec4b,karserasl,0m0noiara1,,help.steampowered.com,Games,0
https://help.steampowered.com/#Login?redir=%23Home%3Fsessionid%3Debd8bd3c6c384a106911ec4b,karserasl,0m0noia la0s,,help.steampowered.com,Games,0
http://www.wowinterface.com/forums/register.php?action=signup,karserasl,F3CdeE1o,,wowinterface.com,,0
http://www.wowinterface.com/downloads/addcomment.php?action=addcomment&fileid=21462,karserasl,omonoiara,,wowinterface.com,,0
https://www.d-addicts.com/forums/ucp.php?mode=register,karserasl,XYht8q9x,,d-addicts.com,,0
https://webtv.cytanet.com.cy/el/page/register,karserasl@hotmail.com,0C$#eiL!,,cytanet.com.cy,,0
https://webtv.cytanet.com.cy/el/page/register,,L4h^QBs&,,Generated Password for cytanet.com.cy,,0
https://webtv.cytanet.com.cy/el/page/home,karserasl@hotmail.com,9*pJ*dw@,,webtv.cytanet.com.cy,,0
http://www.tukui.org,karserasl,omonoiara,,tukui.org,,0
https://linksnappy.com/,75600,omonoiara,,linksnappy.com,,0
https://www.htcdev.com,karserasl,OmonoiaRA1,,htcdev.com,Productivity Tools,0
https://3ds.jccsecure.com,Shylla,OmonoiaRA1,,3ds.jccsecure.com,,0
http://offsidestreams.com/site/wp-login.php,karseras,omonoiara,,offsidestreams.com,,0
https://sso.ucy.ac.cy/index.php?TYPE=33554433&REALMOID=06-723da0bf-a49a-4bfc-b599-d6f4242908f0&GUID=0&SMAUTHREASON=0&METHOD=GET&SMAGENTNAME=-SM-p7L4I75gGfFHafvqF7szWuq08EQjpVgPaEMq0KaW5an8lEODx0PWjwFpWuX%2b6E5z&TARGET=-SM-http%3a%2f%2fapplications%2eucy%2eac%2ecy%2fpayments%2fPAYMENTS%2eview_category,gkarse01,ii_die_4,,ucy.ac.cy,,0
http://www.wunderground.com/weather/api/d/login.html,karserasl@gmail.com,omonoiara,,wunderground.com,News/Reference,0
https://www.wunderground.com/member/registration,karserasl,omonoiara,,wunderground.com,News/Reference,0
https://github.com,karserasl,TglEKNH0o4l@^Z$4R&GfP0s*Mw,,github.com,Productivity Tools,0
https://accounts.google.com/ServiceLogin?sacu=1&scc=1&continue=https%3A%2F%2Fmail.google.com%2Fmail%2F&hl=en-GB&service=mail#password,xristalla.karsera,0m0noiara1,,accounts.google.com,Email,0
https://passport.alibaba.com/mini_login.htm?lang=en_us&appName=aebuyer&appEntrance=default&styleType=auto&bizParams=&notLoadSsoView=false&notKeepLogin=true&isMobile=false&rnd=0.9821901221293956,kafteras@hotmail.com,0m0noiara,,passport.alibaba.com,Business,0
https://www.massdrop.com/,kafteras@hotmail.com,0m0noiara,,massdrop.com,,0
https://plex.tv,karserasl@gmail.com,0m0noiara1,,plex.tv,Entertainment,0
http://www.noobsandnerds.com,karserasl,omonoiara,,noobsandnerds.com,,0
https://watch.ustvnow.com,karserasl@hotmail.com,omonoiara,,watch.ustvnow.com,,0
https://www.cablenet.me/,01063609,xkkr$55d,,cablenet.me,,0
https://instagram.com,,0m0noiara1,,instagram.com,Social,0
http://www.ign.com/articles/2015/11/04/ign-presents-the-history-of-awesome-2001,ii_die_4@hotmail.com,omonoiara,,ign.com,Games,0
https://disqus.com/next/login/?forum=wwwsigmalivecom&redirect_secure=1,ii_die_4@hotmail.com,5T^OAz8eMAWRQDpj,,disqus.com,Social,0
https://netbalancer.com/login/LogOn?ReturnUrl=%2faccount%2fdashboard,karserasl,omonoiara,,netbalancer.com,,0
https://www.mixcloud.com/,karserasl,RyF08ItDh8QD*Se&,,mixcloud.com,,0
https://login.xmarks.com,karserasl@gmail.com,g8%n3v&2w8!87dabiqD71Et2nn,,login.xmarks.com,,0
https://www.coinbase.com/join,karserasl@gmail.com,F0Z%lUH8yJYV&OB$,,coinbase.com,Finance,0
https://login.medscape.com/login/sso/getlogin?urlCache=aHR0cDovL3JlZmVyZW5jZS5tZWRzY2FwZS5jb20vcmVmYXJ0aWNsZS1zcmNoLzEyMTc4NTgtb3ZlcnZpZXc=&ac=401,karserasl,omonoiara,,login.medscape.com,Health,0
http://www.greek.to/forum/private.php,Ii_die_4,Jrx9JhCx,,greek.to,,0
https://account.sonyentertainmentnetwork.com,,0m0noiara1,,account.sonyentertainmentnetwork.com,Entertainment,0
https://www.bwin.com,karserasbwin,0m0noiara1,,bwin.com,,0
https://www.iptorrents.com/,wolar,0m0noiara1,,iptorrents.com,Entertainment,0
https://identitysso.betfair.com/view/login?product=sportsbook&redirectMethod=POST&errorCode=INVALID_USERNAME_OR_PASSWORD&url=https%3A%2F%2Fwww.betfair.com%2Fsport%2Flogin%2Fsuccess%3Frurl%3Dhttps%3A%2F%2Fwww.betfair.com%2Fsport%2Ffootball,karserasl@gmail.com,0m0noiara1,,identitysso.betfair.com,,0
https://forums.kali.org/register.php?,ii_die_4,omonoiara,,kali.org,,0
https://login.teamviewer.com/LogOn/,karserasl@hotmail.com,0m0noiakka shyll4,,teamviewer.com,Productivity Tools,0
https://www.youtube.com/,larnakaonline.com.cy,10larnakaonline,,LarnakaOnline,Email,0
https://en.nostalrius.org/register,karserasl,0m0noiara1,,nostalrius.org,,0
http://forum.nostalrius.org/ucp.php?mode=register,karserasl,0m0noiara1,,nostalrius.org,,0
https://www.mcdelivery.com.cy/cy/jsp-desktop/sys/registerUser.jsp,karserasl@gmail.com,OmonoiaRA1,,mcdelivery.com.cy,,0
http://www.elophant.com/network-registration,karserasl,0m0noiara1,,elophant.com,,0
http://www.elophant.com/network-log-in,karserasl@gmail.com,0m0noiara1,,elophant.com,,0
https://www.massdrop.com/,karserasl@gmail.com,0m0noiara1,,massdrop.com,,0
http://myanimelist.net/login.php?from=%2F,cry4heals,0m0noiara2,,myanimelist.net,,0
https://epicpay.com.cy/web/,gkarse01@gmail.com,0m0noiara1,,epic.com.cy,,0
https://www.dropbox.com/referrals/NjY3MTM5MTk3Mzc?src=referrals_android9&oref=e&email=karserasl%40hotmail.com&eh=AADJYEloYvOrw2cpD1RSZgedT1KR11U7UPdeN1KyhpHUzw,karserasl@hotmail.com,B@H5DbHV^VmRPt9k,,dropbox.com,Productivity Tools,0
https://www.dropbox.com/invite_register?login_cont=%2Finvite%3Fk%3DsbD005Wr85dNBKqLtTPEEfnyE4T4tV1P&k=sbD005Wr85dNBKqLtTPEEfnyE4T4tV1P&cont=%2Fshared_download%2FsbD005Wr85dNBKqLtTPEEfnyE4T4tV1P&email=karserasl%40hotmail.com&eh=AAA_qX1j3gBZEWkLa_UAOrN1mNUDA4G8z4s3PLJkGacVsg,karserasl@gmail.com,1ZSdc@4B^4R07q1ax4h5,,dropbox.com,Productivity Tools,0
http://tera.enmasse.com/sign-up,karserasl@gmail.com,0m0noiara1,,tera.enmasse.com,Games,0
https://auth.riotgames.com/authorize?redirect_uri=https://login.support.riotgames.com/login_callback&client_id=player-support-zendesk&ui_locales=en-us%20en-us&response_type=code&scope=openid%20email,karserasl,0m0noiala0s,,auth.riotgames.com,Games,0
ftp://ftp3.realtek.com.tw,spcust,hwwk758z,,ftp3.realtek.com.tw,,0
http://www.overclock.net/t/1573308/nvidia-gtx-900-cards-custom-bios-upon-request/5490,kokos1948,c9$*0$wJMGZl35&o,,overclock.net,,0
https://login.ncsoft.com/login?return_url=https%3A%2F%2Faccount.ncsoft.com%2Fsettings%2Findex,karserasl@gmail.com,0m0noiara1,,ncsoft.com,Games,0
http://sunwell-wow.com/register,karserasl@gmail.com,0m0noiara1,,sunwell-wow.com,,0
https://account.arathor.co.uk/,karserasl@gmail.com,0m0noiara1,,arathor.co.uk,,0
http://arathor.co.uk/Community/ucp.php?mode=login,Kyuubi,0m0noiara1,,arathor.co.uk,,0
https://www.warmane.com/account/create,karserasl,0m0noiara1,,warmane.com,,0
http://www.dalaran-wow.com/account/register/,Lampros,0m0noiara1,,dalaran-wow.com,,0
https://forum.gamer-district.org/index.php?app=core&module=global&section=register,Karserasl,0m0noiara1,,gamer-district.org,,0
http://www.dalaran-wow.com/account-log/,kyuubi,0m0noiara1,,dalaran-wow.com,,0
http://arathor.co.uk/password_recovery,karserasl,0m0noiara1,,arathor.co.uk,,0
https://www.gamer-district.org/,karserasl,0m0noiara1,,gamer-district.org,,0
http://www.theatreofdreams.eu/en/join,karserasl1,0m0noiara1,,theatreofdreams.eu,,0
https://tools.rising-gods.de/account/acc_create.php,Karserasl,0m0noiara1,,rising-gods.de,,0
https://www.rising-gods.de/component/users/?view=registration&layout=complete,karserasl,0m0noiara1,,rising-gods.de,,0
https://www.twinstar.cz/manager/Register.aspx,karserasl,0m0noiara1,,twinstar.cz,,0
http://www.dalaran-wow.com/account/register/code/f6w4c4,f6w4c4,0m0noiara1,,dalaran-wow.com,,0
https://www.smolderforge.com/site/account/register,Kyuubi,0m0noiara1,,smolderforge.com,,0
http://www.wow-mania.com/register,Kyuubi,0m0noiara1,,wow-mania.com,,0
https://www.vengeancewow.com/forum/ucp.php?mode=login&sid=00041e86b993a486bf8e22ef8f7a6926,kyuubi,0m0noiara1,,vengeancewow.com,,0
http://nzb.casstormnzb.com/register,kafteras,0m0noiara1,,casstormnzb.com,,0
https://alpharatio.cc/register.php,Kafteras,OmonoiaRA1,,alpharatio.cc,,0
https://www.xspeeds.eu/signup.php?agree=yes&invitehash=,Kafteras,n9$*19%1O5Yv,,xspeeds.eu,,0
http://127.0.0.1:631/jobs/,root,qwer,,CUPS 127.0.0.1,,0
https://login.yahoo.com/account/create?specId=yidReg&lang=en-US&src=ym&done=https%3A%2F%2Fmail.yahoo.com&display=login&intl=us,karserasl@yahoo.com,0m0noiara1,,yahoo.com,Email,0
https://linksnappy.com/myaccount?extend=success,karserasl@gmail.com,OmonoiaRA1!,,linksnappy.com,,0
http://mtn.akazoo.com/,99818001,339589,,akazoo.com,,0
https://www.cyta.com.cy/mycyta-register,ii_die_4@hotmail.com,0m0noiara1,,cyta.com.cy,,0
https://www.paterva.com/web7/community/resetPass.php?email=ii_die_4@hotmail.com&code=05gqgcyg8du,05gqgcyg8du,omonoiara,,paterva.com,,0
http://www.opensubtitles.org/en/newuser,karserasl,3FSh0&J!t1YHR#&!*CVbzSJM!w,,opensubtitles.org,,0
https://home.openweathermap.org/users/sign_up,karserasl,0m0noiara1,,openweathermap.org,,0
https://ares-project.uk/login/login,karserasl@gmail.com,0m0noiara1,,ares-project.uk,,0
https://hashes.org/register_form.php,karserasl,@Fsz6CTJJq8h,,hashes.org,,0
http://www.win-raid.com/login.php,karserasl,omonoiara,,win-raid.com,,0
https://login.skype.com/login?message=signin_continue&client_id=360605&redirect_uri=https%3A%2F%2Fsecure.skype.com%2Fportal%2Flogin%3Freturn_url%3Dhttps%253A%252F%252Fsecure.skype.com%252Fportal%252Fprofile,karserasl,O!36yTZd7LN&njaBPMXk,,skype.com,Productivity Tools,0
http://www.mixcrate.com/users/login/,karserasl,0m0noiara1,,mixcrate.com,,0
http://www.linksysinfo.org/index.php?login/login,karserasl@gmail.com,0m0noiara1,,linksysinfo.org,,0
https://www.gandirect.com/GANIT/Greek/members/login.asp,karserasl,3##0$8,,gandirect.com,,0
https://www.mail.com/int/,karserasl@mail.com,0m0noiara1,,mail.com,Email,0
http://bgmenu.com/en/register,LAMPROS,0m0noiara1,,bgmenu.com,,0
https://www.epay.bg/v3main/registration,Lampros Karseras,0m0noiara1,,epay.bg,,0
https://www.maxkeyboard.com/index.php?dispatch=checkout.complete&order_id=22109,,0m0noiara1,,maxkeyboard.com,,0
http://my.zorbas.com.cy/login,karserasl@gmail.com,0m0noiara1,,zorbas.com.cy,,0
http://eurostudies.gr/eschool/login/index.php,lamprosk,Lampros000!,,eurostudies.gr,,0
http://bgmenu.com/en/login,karserasl@gmail.com,0m0noiara1,,bgmenu.com,,0
https://www.privateinternetaccess.com/pages/client-support/?utm_source=email&utm_medium=textlink&utm_campaign=private-internet-access-account-activated-12-04-2016,p8448501,eNHb92W4Rp,,privateinternetaccess.com,Business,0
https://leakforums.net/member.php?action=login,karserasl,omonoiara,,leakforums.net,,0
https://www.devs-base.com/ucp.php?mode=register,ii_die_4,OmonoiaRA1,,devs-base.com,,0
https://www.myanonamouse.net/login.php?returnto=%2F,karserasl@gmail.com,0m0noiara1,,myanonamouse.net,,0
http://forum.tntvillage.scambioetico.org/index.php?act=Reg,kafteras,0m0noiara1,,scambioetico.org,,0
http://www.bit-italia.org/signup.php?agree=yes&invitehash=,kafteras,0m0noiara1,,bit-italia.org,,0
https://www.scribd.com/document/186494420/Allegro-1-Corso-Multimediale-d-Italiano,karserasl@hotmail.com,omonoiara,,scribd.com,Entertainment,0
https://liteiptv.com/checkout/,karserasl@gmail.com,0m0noiara1,,liteiptv.com,,0
https://www.geeker.com/signup?ad_domain=hlok.qertewrt.com&ad_path=%2Fsmart_ad%2Fdisplay&prod=2&ref=5049185&sub_id=pnyxblog3c_09&q=Italian%20Medical%20Dictionary%20-%20Dizionario%20Medico.pdf&sf=&utm_source=www.pnyxblog.com&utm_medium=referral&placement=http%3A%2F%2Fwww.pnyxblog.com%2Fitalian-medical-dictionary-dizionario-medico.pdf&adserver=0.20.5&m=books&_sign=ffd197daeb243cf433f085fa47023fc1&_signt=1488543803&lng=EN,21fsr25q.2gl@20minute.email,0m0noiara1,,geeker.com,,0
http://mytemp.email,karserasl@gmail.com,omonoiara,,mytemp.email,,0
https://www.techpowerup.com/forums/login/login,wowkarseras@hotmail.com,1994k0k0sboom,,techpowerup.com,,0
https://www.bet365.com.cy/?&cb=105802115763#/HO/,Karseras365,0m0noiara1,,bet365.com.cy,,0
https://lockdownteam.oneskyapp.com/translate/sign/in,karserasl@gmail.com,0m0noiara1,,oneskyapp.com,,0
https://www.scribd.com/,karserasl@gmail.com,0m0noiara1,,scribd.com,Entertainment,0
http://mega.nz,karserasl@gmail.com,X3p65*2ug5Fr6wzt,,mega.nz,,0
https://real-debrid.com/twofactor-5H5HCPQPXADXQ-163796,karserasl,%$uM%Zq^6q3r,,real-debrid.com,,0
https://posteo.de,karserasl,9j1UGoeUvTphP3aWade8LEqJ9M,,posteo.de,,0
http://mail.protonmail.com,karserasl,N1S#gdL@!6Pzqe79M07bwihY76rd329K45vJBJ0,,protonmail.com,,0
http://cracking.org,karserasl@gmail.com,3P&&9xBLVNF8DvbRKt%o0V0Wn@,,cracking.org,,0
http://www.pinterest.com,karserasl@gmail.com,2CNS1O834%F9OWyqhHoRL5#%Wq,,pinterest.com,Social,0
https://login.yahoo.com/account/create?specId=yidReg&lang=en-US&src=ym&done=https%3A%2F%2Fmail.yahoo.com&display=login&intl=us,,MuX0&tKNO3QJ4f69!brtX3SNh5,,Generated Password for yahoo.com,,0
http://auth.opera.com,karserasl@gmail.com,OmonoiaRA12345,,opera.com,Productivity Tools,0
https://www.sofascore.com/user/profile,karserasl@gmail.com,omonoiara,,sofascore.com,,0
http://mycloudplayer.mycloudplayers.com,karserasl@gmail.com,omonoiara,,My Cloud Player,,0
http://remedywow.info/register,kyuubi,0m0noiara1,,remedywow.info,,0
http://mymtncy.com,,0m0noiara1,,MyMTN Cyprus,,0
http://onkyo4k.com/register/,ii_die_4@hotmail.com,omonoiara,,onkyo4k.com,,0
https://www.instagram.com/accounts/login/,karserasl,0m0noiara1,,instagram.com,Social,0
https://truewow.org/forum/ucp.php?mode=register,karserasl@gmail.com,0m0noiara1,,truewow.org,,0
https://www.reddit.com/r/wowservers/comments/6e1753/lots_of_tbc_hype_and_lots_of_people_are_doing/,karserasl,6f$E2r$hJj%I^J$uqVPB5$T7316Q#4U,,reddit.com,Social,0
https://truewow.org/forum/ucp.php?mode=login,cry4heals,1994k0k0sboom,,truewow.org,,0
https://www.wow-freakz.com/login.php,karserasl,0m0noiara1,,wow-freakz.com,,0
https://firestorm-servers.com/us/,karserasl@gmail.com,0m0noiara1,,firestorm-servers.com,,0
http://www.adit-hd.com/member.php,Kafteras,Y8OapLAvh3w2,,adit-hd.com,,0
https://login.tauriwow.com/?forgottenpassword/&ref=http://tauriwow.com/purchase#registration,karserasl@gmail.com,0m0noiara1,,tauriwow.com,,0
http://forum.blu-ray.com/register.php?do=register,karserasl,29NnI5h1RDkh,,blu-ray.com,,0
https://thepiratebay.org/login,kafteras,omonoiara,,thepiratebay.org,,0
https://pirateproxy.cc/login,kafteras,omonoiara,,pirateproxy.cc,,0
https://extratorrent.ag/register/,kafteras,omonoiara,,extratorrent.ag,,0
https://1337x.to/register,Kafteras,2^iU1!3Hs3gc8w66oV31I@tj*41,,1337x.to,,0
https://forums.mydigitallife.net/login/,kafteras,omonoiara,,mydigitallife.net,,0
https://discordapp.com/login,karserasl@gmail.com,0m0noiara1,,discordapp.com,,0
http://my.eset.com,karserasl@gmail.com,LYsUnImelvecCe3,,eset.com,Business,0
https://www.papajohns.com.cy/sign-in.html?rr=1,kafteras@hotmail.com,omonoiara,,papajohns.com.cy,,0
https://account.shodan.io/login,kafteras,0m0noiara1,,shodan.io,,0
https://auth.riotgames.com/authorize?client_id=rso-web-client-prod&redirect_uri=https%3A%2F%2Flogin.leagueoflegends.com%2Foauth2-callback&scope=openid&response_type=code&state=XQRBqlyyi-aDvWGGK4OL171kPdOQFo4WNFubd3jbCP0&ui_locales=en-gb&login_hint=euw,concreteangels,0m0noiala0s,,riotgames.com,,0
http://account.leagueoflegends.com,concreteangels,0m0noiala0s,,leagueoflegends.com,Games,0
https://accounts.google.com/signin/v2/sl/pwd?service=accountsettings&continue=https%3A%2F%2Fmyaccount.google.com%2Fcontactemail%2Fverify%3Fid%3D103212722571472423912%26origin%3D2%26pin%3D975403%26requestid%3D134243921974970132&Email=lampros.karseras%40gmail.com&flowName=GlifWebSignIn&flowEntry=AddSession&cid=1&navigationDirection=forward,lampros.karseras@gmail.com,0m0noiakka shyll4,,google.com,Email,0
http://127.0.0.1,prtgadmin,OmonoiaRA1,,127.0.0.1,Home,0
http://my.gazzetta.gr/,lamprosg9,0m0noiara1,,gazzetta.gr,,0
https://qbforums.shiki.hu/index.php?action=register2#,karserasl@gmail.com,0m0noiara1,,shiki.hu,,0
https://www.bet365.com.cy/?&cb=10325414873#/HO/,0m0noiara1,0m0noiara1,,bet365.com.cy,,0
http://2b2t.ocecpr.org.cy//?action=login,karserasl@gmail.com,0m0noiara1,,ocecpr.org.cy,,0
https://10.0.0.1/,ubnt,0m0noia,,10.0.0.1,Home,0
https://www.centbrowser.com/forum/member.php,karserasl,0m0noiara1,,centbrowser.com,,0
https://www.dslreports.com/login/64urlL3NwZWVkdGVzdA?dom=dslreports.com,karserasl,0m0noiara1,,dslreports.com,,0
http://bocantamivi.axiomc.com,karserasl@gmail.com,0m0noiara1,,Antamivi,,0
https://signin.ebay.co.uk/ws/eBayISAPI.dll?SignIn&ru=,kafteras,Mx!Ei$3aEis7,,ebay.co.uk,Shopping,0
http://codecs.forumotion.net/register?agreed=true&step=2,karserasl@gmail.com,0m0noiara1,,forumotion.net,,0
http://www.podnapisi.net,karserasl@gmail.com,!NkRXgKjuyJa3#dNUN4M7Fa19Vy77Awv@DQ*!eJ$85@#lIo^QO9CM&q3eEY82aY$S5rL7128cFD1zfbq,,podnapisi.net,,0
http://miningpoolhub.com,karserasl@gmail.com,0m0noiara1,,miningpoolhub.com,,0
https://launchpad.secapps.com/signup,karserasl,0m0noiara1,,secapps.com,,0
https://www.linkedin.com/authwall?trk=gf&trkInfo=AQHB9HnTnXea0AAAAWEtO24IIjQR5rOq_O6MPaGpgyljsVAQGPfYCZm02bg-pcPb-6bKK_RVjs3VSkun-g0JNfFPzM5BfCndiD4rogcfV1MNf5_ZtyXY5VcNSBmcD06gf-W6g04=&originalReferer=https://www.google.com.cy/&sessionRedirect=https%3A%2F%2Fcy.linkedin.com%2Fin%2Fadonis-americanos-67413522,karserasl@gmail.com,qY81k*Sg*ob@,,linkedin.com,Social,0
https://www.opennicproject.org/members/,karserasl@gmail.com,0m0noiara1,,opennicproject.org,,0
https://accounts.spotify.com/en/login?continue=https:%2F%2Faccounts.spotify.com%2Fen%2Fauthorize%3Fscope%3Duser-read-private%2520user-read-playback-state%2520user-modify-playback-state%2520user-read-currently-playing%26state%3D7bf7fe50c1d8168aa22729e9d3a3cce1%26redirect_uri%3Dhttps:%252F%252Fdiscordapp.com%252Fapi%252Fconnections%252Fspotify%252Fcallback%26response_type%3Dcode%26client_id%3D0f78f47360a748f09a66bbfb400cafa0,karserasl,0m0noiara1,,spotify.com,Entertainment,0
http://accounts.zoho.com,karserasl@gmail.com,*7973^UM6y67T^Yc,,zoho.com,Business,0
https://memories-gaming.com/forum/ucp.php?mode=login,kyuubi,0m0noiara1,,memories-gaming.com,,0
https://accounts.firefox.com/signin?service=sync&context=fx_desktop_v3&entrypoint=menupanel,karserasl@gmail.com,0m0noiara1,,firefox.com,Productivity Tools,0
https://memories-gaming.com/bugs/login_password_page.php,karserasl,7Jtc3G070CZK4A07Il9vp1w,,memories-gaming.com,,0
http://www.directdeals.com.cy/index.php/auth/register?next=http://www.directdeals.com.cy/index.php/frontend/buy/index/3790,Larnaca,0m0noiara1,,directdeals.com.cy,,0
https://sunwell.pl/,karserasl,JlIBTbkl6v2sw3D0,,karserasl sunwell,,0
https://food.coca-cola.gr/#,35799818001,0m0noiara1,,coca-cola.gr,,0
http://www.felmyst.com,karserasl,3uDmS63w9XlK,,felmyst.com,,0
http://secured.dailymail.co.uk,karserasl@gmail.com,0m0noiara1,,dailymail.co.uk,,0
https://passport.aliexpress.com/mini_login.htm?lang=en_us&appName=aebuyer&appEntrance=default&styleType=auto&bizParams=&notLoadSsoView=false&notKeepLogin=true&isMobile=false&loginId=kafteras%40hotmail.com&rnd=0.9399637063990942,karserasl@hotmail.com,0m0noiara1,,aliexpress.com,Shopping,0
https://9gag.com/login,ii_die_4@hotmail.com,60$Y6629e8F3P7Q%1nrp1,,9gag.com,Entertainment,0
https://www.msgsafe.io/register#top,karserasl,J7t3^9tUh68961480L8&n596*a!i6D054wmCY%$s68&FU71iauN5h3hc78Gd%236,,msgsafe.io,,0
http://mynnm.ru/register/,bofifurepi@web2mailco.com,pfYEBRdns*@kFAU#Ado^MwFOM#d%5H5ksXG%vvSCJ2wIYG$lP25wevkTafm@iih!,,mynnm.ru,,0
https://passport.yandex.com/auth/?track_id=9ee0102e16661834b35b54442db421bbce&one=yes,6ptyrify,yFe3JEO3t@srfnO9zA@R*^jF3,,yandex.com,Email,0
https://www.techadvisor.co.uk/forum/helproom-1/,karserasl,95xk$5VgUO^bS,,techadvisor.co.uk,,0
https://www.cnet.com/forums/computer-help/#createDiscussion,karserasl@gmail.com,2&946is8F%oA9fX,,cnet.com,News/Reference,0
https://www.pctechbytes.com/forums/register/,karserasl@gmail.com,8PHaETnQ1U!r9W@,,pctechbytes.com,,0
https://xda-developers.com,ii_die_4,0aOKnJg8WwXj,,xda feeds,News/Reference,0
http://fileflares.com/register.html,xizu@web2mailco.com,omonoiara,,fileflares.com,,0
https://nrg-wow.com/register,karserasl@gmail.com,0m0noiara1,,nrg-wow.com,,0
http://123box.ru/register/,karserasl@gmail.com,ilw1PXHe5f45,,123box.ru,,0
https://accounts.google.com/signin/v2/sl/pwd?service=mail&passive=true&rm=false&continue=https%3A%2F%2Fmail.google.com%2Fmail%2F&ss=1&scc=1&ltmpl=default&ltmplcache=2&emr=1&osid=1&flowName=GlifWebSignIn&flowEntry=AddSession&cid=0&navigationDirection=forward,karserasl@gmail.com,lf8t3l&f0ESL#763,,google.com,Email,1
https://repack.me/index.php?do=register,kafteras,Rockeptorckug1I,,repack.me,,0
http://txapela.ru,karserasl@gmail.com,29xo20tu53Wf,,txapela.ru,,0
https://logon.slc.co.uk/cas/login?_locale=en_GB&service=https%3A%2F%2Fwww.student-finance.service.gov.uk%2Fcustomer%2Fhome%2Fpages,36996603878,t4^xC2s%D@J,,slc.co.uk,,0
http://sunwell-community.com/,karserasl@gmail.com,0m0noiara1,,sunwell-community.com,,0
https://www.acomonia.com/premium/index.php?result=Customer%20already%20exists.#ajax-3,karserasl@gmail.com,0m0noiara1,,acomonia.com,,0
https://www.acomonia.com/premium/#ajax-3,karserasl@hotmail.com,0m0noiara1,,acomonia.com,,0
https://account.ubnt.com/login?redirect=https%3A%2F%2Fcommunity.ubnt.com%2Ft5%2FEdgeMAX%2Fct-p%2FEdgeMAX,karserasl,0m0noiara1,,ubnt.com,,0
http://omonoialinks.com/,karserasl@gmail.com,7F9A80S5,,omonoialinks.com,,0
http://www.worldoflogs.com/accounts/set-password/?username=kyubi2&token=9b5e2fcc62114593bcde7fb71bbb046c,kyubi2,0m0noiara1,,worldoflogs.com,,0
http://sunwell-community.com/index.php?/login/,kyuubi,0m0noiara1,,sunwell-community.com,,0
https://www.voanews.com/signup.html,karserasl@gmail.com,j2Z2nSdCcjgD,,voanews.com,,0
https://gateway-dmu18.induction.org.uk/login.aspx?ReturnUrl=%2f,8665977,drainpipe7knight,,induction.org.uk,,0
https://foody.com.cy/signin_connect,karserasl@gmail.com,!%DH9eU2^F2C,,foody.com.cy,,0
https://www.hackthebox.eu/register,karserasl@gmail.com,gI12X025BDZw,,hackthebox.eu,,0
https://my.jdownloader.org/login.html?action=validate&email=karserasl%40gmail.com&key=f2e1028089f616893da873af55473927599e73a46162ccfa11e935749e388a1a,karserasl@gmail.com,0m0noiara1,,jdownloader.org,,0
https://accounts.google.com/signin/v2/sl/pwd?hl=en&continue=https%3A%2F%2Fmail.google.com%2Fmail&service=mail&flowName=GlifWebSignIn&flowEntry=AddSession&cid=1&navigationDirection=forward,karseraslampros2703,student720@dmu,,google.com,Email,0
https://www.buytickets.eastmidlandstrains.co.uk/buytickets/registercustomer.aspx,karserasl@gmail.com,20H#qvmO1@r2,,eastmidlandstrains.co.uk,,0
https://giffgaff.com/auth/login,karse19,oMONOIAra1,,giffgaff.com,Shopping,0
https://direct.asda.com/on/demandware.store/Sites-ASDA-Site/default/Login-Show,karserasl@gmail.com,0m0noiakka shyll4,,asda.com,,0
https://cards.totum.com/sales/university/index,karserasl@gmail.com,mN!a9Fsf369b,,totum.com,Finance,0
https://www.driphacks.com/checkout/success,gkarse01@gmail.com,0m0noiara1,,driphacks.com,,0
https://accounts.groceries.morrisons.com/auth-service/sso/login,karserasl@gmail.com,racwG6U8EPU!EhZ,,morrisons.com,,0
http://www.currys.co.uk,karserasl@gmail.com,dS3Q1&&V&*nP,,currys.co.uk,Shopping,0
https://www.very.co.uk/account/register.page?_requestid=136252#resolveAddress,karserasl@gmail.com,OmonoiaRA1,,very.co.uk,,0
https://www.studentbeans.com/uk/verge?client_id=69ce3226baf4cbb9f819fb1e32df709aff6b3f0089445d18d3fe6d011ad65c82&source=laptop-outlet&country=UK&user_return_to=https://www.laptopoutlet.co.uk/student-discount-code&popup=1#,karserasl@gmail.com,4uTPuSRXgKXD5zS,,studentbeans.com,,0
https://www.wayfair.co.uk/v/account/authentication/login,karserasl@gmail.com,6yK2jo%I5n#5,,wayfair.co.uk,,0
http://www.argos.co.uk,karserasl@gmail.com,1PqYJ9wl32!T,,argos.co.uk,,0
https://tickets.arrivabus.co.uk/checkout/details?,07749490524,0m0noiara1,,arrivabus.co.uk,,0
http://mtickets.arriva.co.uk,lampros.karseras@my365.dmu.ac.uk,0m0noiara1,,arriva,,0
https://anilist.co/login,gkarse01@gmail.com,0m0noiara1,,anilist.co,,0
http://bbstudent.android.blackboard.com,P2424629,JlIBTbkl6v2sw3D0,,dmu,Education,0
http://xiaopan.co,karserasl@gmail.com,0m0noiara1,,xiaopan.co,,0
https://www.dolce-gusto.co.uk/checkout/onepage/,karserasl@gmail.com,nAD3wc@P*$H7,,dolce-gusto.co.uk,,0
http://dmu.campusm.ombiel.com,p2424629,0m0noiakka_shyll4#1,,MyDMU,,0
https://account.jetbrains.com/login,p2424629@my365.dmu.ac.uk,OmonoiaRA1,,jetbrains.com,,0
https://my.dmu.ac.uk/campusm/home#ldap-login/2247,p2424630,1994k0k0sboom,,dmugeo,Education,0
https://secure.tesco.com/account/en-GB/login?from=https%3A%2F%2Fwww.tesco.com%2Fgroceries%2F%3Ficid%3Ddchp_groceriesshopgroceries,karserasl@gmail.com,OmonoiaRA1,,tesco.com,Shopping,0
https://uk.movember.com/register,karserasl@gmail.com,0m0noiara1,,movember.com,,0
https://www.myunidays.com/GB/en-GB/account/register,p2424629@my365.dmu.ac.uk,0m0noiara1,,myunidays.com,,0
https://www.codecademy.com/login,karserasl@gmail.com,9ZMebtOz9$&l,,codecademy.com,Education,0
https://mail.protonmail.com/create/new?language=en,dmu.student,Ny*a47g*9pQw,,protonmail.com,,0
https://ag3.portal.co.uk/portal/#/signin,karserasl@gmail.com,0m0noiara1,,portal.co.uk,,0
https://forum.manjaro.org/t/turn-off-discrete-gpu/59044,Lampros,0m0noiara1,,manjaro.org,,0
https://ipt.lol/login.php,wolar,0m0noiara1,,ipt.lol,,0
https://mail.protonmail.com/create/new?language=en,dmu.first,0m0noiara1,,protonmail.com,,0
https://privatevpn.com/,karserasl@gmail.com,0m0noiara1,,privatevpn.com,,0
https://darksky.net/dev/login,karserasl@gmail.com,0m0noiara1,,darksky.net,,0
https://account.protonvpn.com/login/,karserasl@protonmail.com,N1S#gdL@!6Pzqe79M07bwihY76rd329K45vJBJ0,,protonvpn.com,,0
https://twitter.com/,kars_lam,W7Go68$S7sfO8X1S#2^RJ1*zYF,,twitter.com,Social,0
https://www.tumblr.com/login?redirect_to=%2Fdashboard,karserasl@gmail.com,0m0noiara1,,tumblr.com,Social,0
https://mail.protonmail.com/create/new?language=en,karsfam,0m0noiara1,,protonmail.com,,0
https://beta.atlantiss.eu/,Darkpally,1994k0k0sboom,,atlantiss.eu,,0
https://www.gmetrix.net/Login.aspx?ReturnUrl=%2F,p2424629@my365.dmu.ac.uk,dmumta1,,gmetrix.net,,0
https://beta.atlantiss.eu/,Kyuubii,0m0noiara1,,atlantiss.eu,,0
https://mail.protonmail.com/login,kars.fam,0m0noiara1,,protonmail.com,,0
https://passport.lenovo.com/wauthen5/resetPwdCheckVCEmail?lang=null&username=uIlJXb%2FI%2FrtZeRj8VbENKLr4b%2Fw1c8vZnEjWIPAyYxQ%3D&vc=oe7TBDVHpH3AYHtJPj%2BAMg%3D%3D&lenovoid.realm=appsso.lenovomm.com&lenovoid.cb=https://sso.lenovo.com/ssoserver/authorizeclient/v1/storeTokens/87ddddda545053c9004b8ff3f2034dc700033ea275a17da1df8d3675bcda9356/54bb7982779e3924948eac199e9268da67c628949a06e24d05eb90f0626246b40/8203edaac2aacc9b603b06b188d42c55f6501e8ca384d79486e1a4b7d1c56083&display=&lenovoid.ctx=null&lenovoid.action=uilogin&lenovoid.uinfo=null&lenovoid.vp=,ii_die_4@outlook.com,4P1g9lkPhRgU,,lenovo.com,Shopping,0
https://passport.lenovo.com/wauthen5/preLogin,ii_die_4@outlook.com,4P1g9lkPhRgU,,lenovo.com,Shopping,0
https://disqus.com/profile/login/?next=https://disqus.com/&,karserasl@gmail.com,U94m3zWc4Hpc,,disqus.com,Social,0
https://account.ubisoft.com/hu-HU/action/change-password,karserasl@gmail.com,@lgS19T40E6Wc052,,ubisoft.com,,0
https://kissanime.ru/Login,karserasl,6%k1Q#zA##2KaK1^*%9&,,kissanime.ru,,0
http://uid.me/lam_kar1/#,kokos,jDWmn3axdRI1ly7V,,uid.me,,0
http://www.ipmart.com.my,ii_die_4@hotmail.com,@iftH0ojIrEGyQ56O0%p#t4i%G,,ipmart.com.my,,0
https://www.hellas-music-forum.com/forum.php,karserasl,CFG9shQ7oH!B6s^9M1CB@@UfdE,,hellas-music-forum.com,,0
https://www.viki.com/,karserasl@gmail.com,qa0*E1b32$vMv9lY,,viki.com,,0
https://www.viki.com/,karserasl@yahoo.com,8&q%zmZ3vqEOMpX$A23lEAPNUn,,viki.com,,0
https://www.viki.com/,karserasl@hotmail.com,!^pB7@64*!nxr$5Pzb8v@n6^Tl,,viki.com,,0
https://www.viki.com/,kars.fam@protonmail.com,w*$ZlI051SI713DepQII0$QiiP,,viki.com,,0
https://simkl.com/,karsfam@pm.me,0m0noiara1,,simkl.com,,0
https://simkl.com/,karsfam@pm.me,0m0noiara1,,simkl.com,,0
https://www.soccerlivestream.tv/en/tcucf270c27/atl-madrid-juventus-live-stream,o13040163@nwytg.net,noobaras,,soccerlivestream.tv,,0
http://login.vivaldi.net,kafteras,kS75!&8IUe2j,,vivaldi.net,,0
https://www.certiport.com/portal/SSL/Login.aspx,p2424629,0m0noiara1,,certiport.com,,0
https://www.youracclaim.com/users/sign_in,p2424629@my365.dmu.ac.uk,0m0noiara1,,youracclaim.com,,0
http://idpedir.dmu.ac.uk,P2424629,JlIBTbkl6v2sw3D0,,dmulam,,0
https://accounts.google.com,annakarsera1959,annacats59!,,google.com,Email,0
http://account.live.com,annakarsera1959@gmail.com,annacats59!,,microsoft.com,Business,0
https://subcard.subway.co.uk/,karserasl@gmail.com,$*77UE3ukry#97i^Dj#Q,,subway.co.uk,,0
http://groceries.iceland.co.uk,karserasl@gmail.com,Mi70!N4#B,,iceland.co.uk,,0
https://neptunweb.semmelweis.hu/hallgato/login.aspx,bimf6d,omonoiara,,semmelweis.hu,,0
https://www.expressvpn.com/signup/success,karserasl@gmail.com,0m0noiakka_shyll4#1,,expressvpn.com,,0
https://www.keyboardco.com/keyboardco/checkout-1.asp?tid=385202&tr=1,LE2 7EE,0m0noiara1,,keyboardco.com,,0
https://kmu.files.cnow.at/login?user=karserasl@gmail.com,karserasl@gmail.com,^QnjEGBdk@z2ZaB4ZWIo,,cnow.at,,0
http://pvpn.ladesk.com,karserasl@gmail.com,0m0noiara1,,ladesk.com,,0
http://pvpn.ladesk.com,karserasl@gmail.com,0m0noiara1,,ladesk.com,,0
https://auth.uber.com/login/session, +44 7749 490524,0m0noiara1,,uber.com,Social,0
http://192.168.0.1/,admin,password,,192.168.0.1,,0
http://192.168.10.254/,cytauser,0m0noiara,,192.168.10.254,,0
https://192.168.1.1,ubnt,ubnt,,Edge OS,,0
http://profile.oracle.com,p2424629@my365.dmu.ac.uk,Dn9Kjq8crr09vR,,oracle.com,Business,0
https://profile.oracle.com/myprofile/account/create-account.jspx,p2424629@my365.dmu.ac.uk,Dn9Kjq8crr09vR,,oracle.com,Business,0
https://account.dragonblight.eu/en/register,karserasl@gmail.com,0m0noiara1,,dragonblight.eu,,0
http://www.quetext.com,ii_die_4@hotmail.com,x36Pah4ZQIZC,,quetext.com,,0
https://login.library.dmu.ac.uk/oala/login/dmulibrary,p2424629,0m0noiakka_shyll4#1,,serialssolutions.com,,0
http://registration.gesy.org.cy,karserasl,c53LZZrP^Hk$,,gesy.org.cy,,0
https://hub.docker.com/signup,karserasl,0m0noiara1,,docker.com,,0
https://accounts.google.com/signin/v2/sl/pwd?hl=en-GB&continue=https%3A%2F%2Fmail.google.com%2Fmail&service=mail&flowName=GlifWebSignIn&flowEntry=AddSession&cid=1&navigationDirection=forward,lampros.karseras@hellasdirect.gr,0m0noiakka_shyll4#1,,google.com,Email,0
https://hellasdirect.slack.com/join/invite/enQtNjM1NjE5NDczMzMyLWRlNGIwNjNjOWY4Zjk2MThiODQ5YjhhOWE0NWViMDUxNWZlNGYwNmRlNjA3ZGU5MTIwNTZiZDA1ZWYyYWYzOGQ,lampros.karseras,0m0noiara1,,slack.com,,0
https://vulcan.hq.hellasdirect.gr/users/sign_in,lampros.karseras,OmonoiaRA1,,hellasdirect.gr,,0
https://www.codewars.com/users/sign_in,karserasl@gmail.com,0m0noiara1,,codewars.com,,0
https://www.codewars.com/users/sign_in,lampros.karseras@gmail.com,0m0noiara1,,codewars.com,,0
https://login.microsoftonline.com/common/login,powerbi@hellasdirect.gr,#HDanalBI2012,,microsoftonline.com,Business,0
https://app.datadoghq.com/signup,Hellas Direct LTD,#hellasdirect123,,datadoghq.com,,0
http://anal-test-swarm.hellasdirect.gr:15672/,analytics-test,MikroMouPony,,hellasdirect.gr,,0
https://login.newrelic.com/passwords/reset/8c7f652b24646cbca0ce59cc1160da25c7e45d7c6f38ea6c7f2c1fa30d996e35,lampros.karseras@hellasdirect.gr,0m0noiara1,,newrelic.com,Business,0
https://www.instana.com/trial/,99818001,#hellasdirect123,,instana.com,,0
https://plum-bird0d4idh.instana.io/auth/signIn,lampros.karseras@hellasdirect.gr,#hellasdirect123,,instana.io,,0
http://core.digitary.net,P2424629@my365.dmu.ac.uk,wP#@3aS6^5$s,,digitary.net,,0
https://cablenet.openvault.eu/um/login,20112140,6013,,openvault.eu,,0
https://core.digitary.net/#/user/login,P2424630@my365.dmu.ac.uk,1994k0k0sBoom!,,digitary.net,,0
https://ebill.epic.com.cy/mymtnlogin/Login.aspx?oauth_token=63d29f9a2b035e2135bc78305674997b&oauth_token_secret=95ad34384e102149e93d7536146b31ef&nonce=f505ce74-bca6-482b-979e-31784f89974d&consumerkey=iuZkdwurSfjlpiofhjcks&lang=en,karserasl@gmail.com,0m0noiara1,,epic.com.cy,,0
https://ebill.epic.com.cy/mymtnlogin/Login.aspx?oauth_token=716ffdb1b5fa74a45bc9f15dd9213b9f&oauth_token_secret=23d2fc24ea134876f5f7ca23f54bd1d4&nonce=e9bb68af-8f91-4c52-bbda-d5c3118586d0&consumerkey=iuZkdwurSfjlpiofhjcks&lang=en,gkarse01@gmail.com,0m0noiara1,,epic.com.cy,,0
https://core.digitary.net/#/user/login,P2424629@my365.dmu.ac.uk,wP#@3aS6^5$s,,digitary.net,,0
https://hwbot.org/profile/logon?error=provider#,karserasl,0m0noiara1,,hwbot.org,,0
https://lutris.net/user/register/,karserasl@gmail.com,wmzGUEKXSLBM6x8,,lutris.net,,0
https://login.yahoo.com/account/challenge/password?.src=ym&.lang=en-US&.intl=us&authMechanism=primary&display=login&yid=kar_fam&done=https%3A%2F%2Fmail.yahoo.com%2Fd&sessionIndex=QQ--&acrumb=9PqUv3kl,kar_fam@yahoo.com,0m0noiara1,,yahoo.com,Email,0
https://www.techinferno.com/index.php?/register/,karserasl@gmail.com,0m0noiara1,,techinferno.com,,0
http://www.bios-mods.com,karserasl,Lqb4cTh3,,bios-mods.com,,0
https://www.antamivi.com.cy/CustomerPortal/Login.aspx?m3rt=+6la5IL8vRcbMIdKRYfNxafWWTOZSbIkKgERER6ocdBbSFMvEWMTijM8IU+XsvwXVvrf/SkSfByPZI0x5j4xPg==,karserasl@gmail.com,0m0noiara1,,antamivi.com.cy,,0
https://refworks.proquest.com/signup/password/,p2424629@my365.dmu.ac.uk,0m0noiara1,,proquest.com,,0
http://calypso.hq.hellasdirect.gr:8888/login?next=%2Ftree%3F,,all_hail_the_mich,,hellasdirect.gr,,0
http://wowcircle.com,kafteras,z29NCu7p,,wowcircle.com,,0
https://outlook.com,p2424629@my365.dmu.ac.uk,JlIBTbkl6v2sw3D0,,dmu,,0
http://www.amazon.co.uk,gkarse01@gmail.com,M;whN')B@>%K3?VyCY_/j9$^r~=k5qF.,,gkarse01,Shopping,0
https://login.ubuntu.com/+login,karserasl,0m0noiara1,,ubuntu.com,Productivity Tools,0
https://login.microsoftonline.com/common/oauth2/authorize?client_id=00000002-0000-0ff1-ce00-000000000000&redirect_uri=https%3a%2f%2foutlook.office365.com%2fmail%2f&resource=00000002-0000-0ff1-ce00-000000000000&response_mode=form_post&response_type=code+id_token&scope=openid&msafed=0&client-request-id=5d3348d3-2b04-4ad6-ade5-94004848a216&protectedtoken=true&nonce=637054476115293293.298b0f8c-7448-496b-afe9-de450a582852&state=DYtBDoAgDMCGJv5mMsYG4zmgkJjo_68uaXtrAIDd3dxAHqglV1KRWlJSbtk5udmgZRdWEUNpZWBfs-E9RamrsSkHf4_49eeNPw,lampros.karseras@my365.dmu.ac.uk,0m0noiakka_shyll4#1,,microsoftonline.com,Business,0
https://login.microsoftonline.com/common/oauth2/authorize?client_id=00000002-0000-0ff1-ce00-000000000000&redirect_uri=https%3a%2f%2foutlook.office365.com%2fmail%2f&resource=00000002-0000-0ff1-ce00-000000000000&response_mode=form_post&response_type=code+id_token&scope=openid&msafed=0&client-request-id=5d3348d3-2b04-4ad6-ade5-94004848a216&protectedtoken=true&nonce=637054476115293293.298b0f8c-7448-496b-afe9-de450a582852&state=DYtBDoAgDMCGJv5mMsYG4zmgkJjo_68uaXtrAIDd3dxAHqglV1KRWlJSbtk5udmgZRdWEUNpZWBfs-E9RamrsSkHf4_49eeNPw,lampros.karseras@my365.dmu.ac.uk,,,microsoftonline.com,Business,0
http://meetfranz.com,karserasl@gmail.com,NU@v9LY6@#qk,,meetfranz.com,,0
http://britishairways.com/travel/execenrol/public/en_gb,karserasl@gmail.com,%%hv#os^y4%CWr57,,britishairways.com,Travel,0
https://www.paypal.com/login,karserasl@gmail.com,0AV@#2mnrBTD,,paypal.com,Finance,0
http://www3.cbox.ws,kokos1948,l0ZUFk6ee13j,,cbox.ws,,0
http://www.unitemps.com,karserasl@gmail.com,b78@H93#,,unitemps.com,,0
https://dmu.careercentre.me/auth/signin/dmu?ck=1,p2424629@my365.dmu.ac.uk,0m0noiara1,,careercentre.me,,0
https://www.graduate-jobs.com/account/activate/1245446/2dbdab150e60101f58afe752cdf0b1752125a318d6ece930f0bd7a2c067eb34d,lampros.karseras@gmail.com,0m0noiara1,,graduate-jobs.com,,0
https://www.codewars.com/?language=java,ii_die_4,omonoiara,,codewars.com,,0
https://www.certiport.com/portal/SSL/Login.aspx,p2424630,0m0noiara1,,certiport.com,,0
https://career5.successfactors.eu/careers,lampros.karseras@gmail.com,0m0noiara1,,successfactors.eu,,0
https://account.xiaomi.com/pass/serviceLogin,,0m0noiara1,,xiaomi.com,Shopping,0
https://careers.next.co.uk/login?returnUrl=https%3A%2F%2Fcareers.next.co.uk%2FApplication%23%2FIframe%3Fid%3D511415,lampros.karseras@gmail.com,0m0noiara1,,next.co.uk,,0
https://careers.next.co.uk/login/,p2424629@my365.dmu.ac.uk,0m0noiara1,,next.co.uk,,0
https://meetfranz.com/signup?plan=franz-pro-yearly,ii_die_4@outlook.com,0m0noiara1,,meetfranz.com,,0
https://accounts.zerotier.com/auth/realms/zerotier/login-actions/registration?client_id=zt-central&tab_id=lfnHt2FoLBk,karserasl@gmail.com,mY5pfMYrNTcDVQT,,zerotier.com,,0
https://www.gradcracker.com/register?modal=1&redirect=https%3A%2F%2Fwww.gradcracker.com%2Fmodals%2Ffollow%2F766,lampros.karseras@gmail.com,0m0noiara1,,gradcracker.com,,0
https://secure.indeed.com/account/resetpassword?__email=lampros.karseras%40gmail.com&key=cc3a56dabbbce127d7828a80bd662619&e=forgotPassword&hl=en_GB&co=GB&service=my&continue=https%3A%2F%2Fwww.indeed.co.uk%2F&tmpl=auto&form_tk=1dqkolp5k5ikg801,lampros.karseras@gmail.com,Su$0S%gBq*Q$2D#!,,indeed.com,Business,0
http://capitalone.wd1.myworkdayjobs.com,lampros.karseras@gmail.com,n8b3^SR49jjs6w$w,,myworkdayjobs.com,,0
https://lgvmcandidate.ambertrack.global/graduatesandinterns2020/CreateAccount.aspx?login=true&culturecode=0&cookieCheck=true,lampros.karseras@gmail.com,JmHxsNdTn3@Sz3r,,ambertrack.global,,0
http://getpocket.com,karserasl,0m0noiara1,,getpocket.com,Productivity Tools,0
https://browser.geekbench.com/session/new,kokos1948,Cf7B@8tpuYm!cF2,,geekbench.com,,0
https://www.eventbrite.co.uk/signin/setpassword?utm_campaign=activate_account_email&mobile_attendee=0&preserve_tld=&utm_term=button&h=45ORAMHJTF3BJ7HK4R6UTICHIRRRTVBL376824813&destination=%2Fe%2Fgoogle-cloud-developer-student-club-tickets-84587755253&utm_source=eb_email&utm_medium=email&ref=eemail,lampros.karseras@gmail.com,0m0noiara1,,eventbrite.co.uk,,0
https://google-run.qwiklabs.com/users/sign_in?verify=lampros.karseras%40gmail.com,lampros.karseras@gmail.com,0m0noiara1,,qwiklabs.com,,0
https://www.coursera.org/promo/GoogleCloud?authMode=signup&utm_campaign=StudyJam2019&utm_medium=institutions&utm_source=googlecloud,lampros.karseras@gmail.com,0m0noiara1,,coursera.org,Education,0
http://www.futurelearn.com,lampros.karseras@gmail.com,S3q3RMHdyk47,,futurelearn.com,,0
http://www.glassdoor.co.uk,lampros.karseras@gmail.com,0m0noiara1,,glassdoor.co.uk,,0
https://g677.dmu.ac.uk/g677/,p2424629@my365.dmu.ac.uk,tax_well_9573,,AgileTeamG677,,0
https://virtuswow.com/?page=login,kyuubi,UP8pQe2LgsjxtQQ,,virtuswow.com,,0
https://www.porntrex.com/signup/,ii_die_4,56cPlkLrs1ek,,porntrex.com,,0
https://eservices.moec.gov.cy/foititiki-merimna/epidoma-foititon-exoterikou/register,karserasl@gmail.com,TiMpr*esy.5RP6*,,moec.gov.cy,,0
https://eservices.moec.gov.cy/foititiki-merimna/epidoma-foititon-exoterikou/register,gkarse01@gmail.com,3aibFD5Tc1u%,,moec.gov.cy,,0
https://pastebin.com/signup,karserasl@gmail.com,LfnHjgK7KmZcE_e,,pastebin.com,,0
http://www.connect2cy.gov.cy,karserasl,512hcTC5E*K^,,connect2cy.gov.cy,,0
http://account.blizzard.com,karserasl@gmail.com,:'zA_G?b'^^3nL@,,blizzard.com,Games,0
https://www.warcraftlogs.com/login,karserasl@gmail.com,DfNs2!TGrfZ!aRN,,warcraftlogs.com,,0
https://www.waitrose.com/ecom/login,karserasl@gmail.com,0m0noiara1,,waitrose.com,,0
http://passport.aliexpress.com,ii_die_4@hotmail.com,8l9b8Tvw63Ua,,aliexpress.com,Shopping,0
https://transferwise.com/register#/,karserasl@gmail.com,FhE4L+pf%qBD4G4,,transferwise.com,,0
https://eu.docusign.net/Signing/,karserasl@gmail.com,ZQ7L7Gbtu28j!v2q,,docusign.net,Productivity Tools,0
https://vimeo.com/join,kars.fam@protonmail.com,2x47FhYxHjo6sTus,,vimeo.com,Entertainment,0
https://authy.com,,0m0noiara1,,authy,,0
https://portal.aws.amazon.com/billing/signup?redirect_url=https%3A%2F%2Faws.amazon.com%2Fregistration-confirmation#/start,lampros.karseras@gmail.com,"Z,u-sK:/%3\uJ4E",,amazon.com,Shopping,0
http://anal-prod-swarm.hellasdirect.gr:15672/#/queues,analytics,MichIsGrande,,hellasdirect.gr,,0
https://id.heroku.com/login,karserasl@gmail.com,OmonoiaRA1#,,heroku.com,Business,0
https://admin.typeform.com/login/,marketing@hellasdirect.gr,Heycustomers@2020,,typeform.com,,0
http://primetel.com.androidapp.primetel,99818001,%&Gt4fw31R09,,MyPrimeTel,,0
https://sunwell.pl/,wolar,ux1P69n3YHYpfBjj,,wolar sunwell,,0
https://account.ui.com/login?redirect=https%3A%2F%2Fsso.ui.com%2Foauth2%2Fauthorize%3Fclient_id%3D082QGRqLBvnt8UQ1xd5KONVflnDq3UIDViTdphvu%26response_type%3Dcode%26state%3D0d0b88ca-f4a7-45c2-b702-4e9c9325273a%26redirect_uri%3Dhttps%3A%2F%2Fcommunity.ui.com,karserasl@gmail.com,0m0noiara1,,ui.com,,0
http://omonoialinks.com/,karserasl@outlook.com,ffef76M2,,omonoialinks.com,,0
https://account.docusign.com/username?ui_flavors=no_cancellation&response_type=code&client_id=78f85a18-44da-4d67-ae9d-f4467620fb13&redirect_uri=https%3A%2F%2Flogin.salesforce.com%2Fservices%2Fauthcallback%2F00D300000000bS4EAI%2FAccount_Server&scope=openid&state=CAAAAXQkz-KrME8wMVcwMDAwMDA0Qzk4AAAA4jXg_ChzrHJtdYIoLMEZPQc5m8wWCz3KWWxW0rLmT-2dDXxsHzufRNv-nslVrsDWhGYeFipeKLee5uxiySoNMIeFHHgqkccQXxJlkVbiAKVyI6aV5Apu2NPWkK8uLkrzPcrapXyxQMvbCJ1yQ6OVj6uXMacJ0Hk6wmU2nnng-Grf0oS7i26ooZ8Bd8S3Qv3cW_BBRJPcEGzuA_H_XYfi6EA1jAulS6bA-dfEuswGZUCeGiS68qU4lk56IMgJFmh_iuNrzb5NBi6IXugxSD4_-HRjhdnQrcgsBsjobmRzeS19gpFx1HTDyXuprzlDQYuvfA%3D%3D#/password,,ZQ7L7Gbtu28j!v2q,,docusign.com,,0
http://leicester.queenscars.com,karserasl@gmail.com,g03A2KHD$CcF,,Queens Cars,,0
https://www.netflix.com/signup/regform,kokos_netflix@protonmail.ch,0m0noiara1,,netflix.com,Entertainment,0
http://my.metageek.com,karserasl@gmail.com,Q3v95mxJD8e8,,metageek.com,,0
https://www.scribd.com/presentation/396621521/23-ORGANIKH-XHMEIA,karsfam@pm.me,omonoiara,,scribd.com,Entertainment,0
http://www.scribd.com,kars.fam@protonmail.com,n0K5lXVI1632,,scribd.com,Entertainment,0
https://www.scribd.com/,dmu.first@protonmail.com,n0K5lXVI1632,,scribd.com,Entertainment,0
https://goviber.yuboto.com/en-US/Login,sotiris.tsimbonis@hellasdirect.gr,"Expose,Fidgeting,Tactless=2",,yuboto.com,,0
https://services.yuboto.com/yuniverse/index.aspx?p=login&lang=el,HDanalytics,ozL52Vv8nVQ43C$k,,yuboto.com,,0
http://www.mathworks.com,Karseras,GwL28%r#xIZyG^$%IC,,mathworks.com,,0
http://www.sas.com,p2424629@my365.dmu.ac.uk,xB45$nSE$vydS9vrMU,,sas.com,,0
https://login.mathworks.com/embedded-login/v2/login.html?locale=en_UK,p2424629@my365.dmu.ac.uk,GwL28%r#xIZyG^$%IC,,mathworks.com,,0
https://www.netflix.com/signup/regform,chrys-netflix@pm.me,omonoiara,,netflix.com,Entertainment,0
https://www.linkedin.com/uas/login?session_key=AgFdWRZbx-j-jQAAAXUeFmHc_nh0sTEGf2BJGHNnvdFaPN9D7ol5wsA9tZ_Ev3AgomkkLCWR9wP7pg&session_redirect=https%3A%2F%2Fwww.linkedin.com%2Flearning-login%2Fcontinue%3Faccount%3D68130314%26authUUID%3DwbUHvoe2S%252BeUxwQlyqssCg%253D%253D%26forceAccount%3Dfalse%26lastLoginStep%3DLOGIN_MEMBER%26loginStepRetryCount%3D0%26redirect%3D%252Flearning%252F&fromSignIn=true&cancel_redirect=https%3A%2F%2Fwww.linkedin.com%2Flearning-login%2F%3Faccount%3D68130314%26authUUID%3DwbUHvoe2S%252BeUxwQlyqssCg%253D%253D%26redirect%3D%252Flearning%252F&trk=learning_login&encrypted_session_key=AgFU_3bpVRX9awAAAXUeFmHgKjvYslzwFT8SFL2BT-Ef1r3YUw6Z7wQu9OoTyoT1puDGDmWKCKo2bNVb&midToken=AQGJEe3EvPSXmA&authUUID=wbUHvoe2S%2BeUxwQlyqssCg%3D%3D,,qY81k*Sg*ob@,,linkedin.com,Social,0
https://razerid.razer.com/password-reset,karserasl@gmail.com,2$5lzqoTy#2^,,razer.com,,0
https://posteo.de/en/signup,chrys_netflix,GcpAtd10SpzE,,posteo.de,,0
https://mail.tutanota.com/signup,chrys_netflix,1Lpzk2Y7qQYZ,,tutanota.com,,0
https://www.netflix.com/signup/regform,chrys-netflix@tutanota.com,omonoiara,,netflix.com,Entertainment,0
http://meetingsemea30.webex.com,karserasl@gmail.com,vVi-Z*yQWEDe3b7,,webex.com,Productivity Tools,0
http://bitwarden.garudalinux.org,karserasl@gmail.com,kM49eg$xA@T&,,garudalinux.org,,0
https://mail.protonmail.com/login,chrys-netflix,omonoiara,,protonmail.com,,0
https://www.linkedin.com/uas/login?session_redirect=%2Fpayments%2Fpurchase%3F_cartId%3D6039759944%26optionCartId%3D6039759934%26isNewChooser%3Dtrue%26trkInfo%3DorderId%253A6039759944%252CoptionCartId%253A6039759934%26trk%3Dpremium_job_home_upsell_top_applicant_galapagos&trk=payments-frontend,lampros.karseras@gmail.com,qY81k*Sg*ob@,,linkedin.com,Social,0
https://www.iceland.co.uk/account/register,karserasl@outlook.com,Mi70!N4#B,,iceland.co.uk,,0
http://wordpress.com,karserasl,x47@v9ZhsI6%,,wordpress.com,Business,0
https://app.wire.com/auth/#createaccount,karserasl@gmail.com,A24#0r7@DtlI,,wire.com,,0
https://magico.fun/?p=home&pid=1,karserasl,omonoiara,,magico.fun,,0
https://accounts.studentbeans.com/uk/authorisation/log-in?client_id=e55920fd-5410-4534-b926-b1214c85f64a&user_return_to=https%3A%2F%2Fwww.studentbeans.com%2Fuk,karserasl@outlook.com,4uTPuSRXgKXD5zS,,studentbeans.com,,0
http://anilist.co,karsl,iA2%kJF3mkMf,,anilist.co,,0
http://www.stremio.com,karserasl@gmail.com,i1hdLZ6skecl,,stremio.com,,0
https://www.researchgate.net/signup.SignUp.html,p2424629@my365.dmu.ac.uk,0m0noiara1,,researchgate.net,Education,0
https://www.iceland.co.uk/,lampros.karseras@gmail.com,Mi70!N4#B,,iceland.co.uk,,0
https://www.themoviedb.org/login,karserasl,UCWvKZ2TDN7wy@C,,themoviedb.org,,0
https://www.iceland.co.uk/account/register,karseraslampros2703@gmail.com,Mi70!N4#B,,iceland.co.uk,,0
https://anilist.co/login?apiVersion=v2&client_id=1487&response_type=token,karserasl@gmail.com,iA2%kJF3mkMf,,anilist.co,,0
https://github.com/join?ref_cta=Sign+up&ref_loc=header+logged+out&ref_page=%2F&source=header-home,p2424629@my365.dmu.ac.uk,0vX&u4OG@3Zt,,github.com,Productivity Tools,0
https://www.iceland.co.uk/account/register,ii_die_4@outlook.com,Mi70!N4#B,,iceland.co.uk,,0
https://www.iceland.co.uk/account/register,ii_die_4@hotmail.com,Mi70!N4#B,,iceland.co.uk,,0
https://www.iceland.co.uk/account/register,karserasl@hotmail.com,Mi70!N4#B,,iceland.co.uk,,0
https://vault.bitwarden.com/#/?email=karserasl@gmail.com,karserasl@gmail.com,0m0noiakka_(shyll4#1),,bitwarden.com,,0
http://sn,,0m0noiara1,"NoteType:Wi-Fi Password
SSID:II_DiE_4
Password:0m0noiara1
Connection Type:ESS
Connection Mode:auto
Authentication:WPA2PSK
Encryption:AES
Use 802.1X:false
FIPS Mode:
Key Type:passPhrase
Protected:false
Key Index:
Notes:<?xml version=""1.0""?>
<WLANProfile xmlns=""http://www.microsoft.com/networking/WLAN/profile/v1"">
	<name>II_DiE_4</name>
	<SSIDConfig>
		<SSID>
			<hex>49495F4469455F34</hex>
			<name>II_DiE_4</name>
		</SSID>
	</SSIDConfig>
	<connectionType>ESS</connectionType>
	<connectionMode>auto</connectionMode>
	<MSM>
		<security>
			<authEncryption>
				<authentication>WPA2PSK</authentication>
				<encryption>AES</encryption>
				<useOneX>false</useOneX>
			</authEncryption>
			<sharedKey>
				<keyType>passPhrase</keyType>
				<protected>false</protected>
				<keyMaterial>0m0noiara1</keyMaterial>
			</sharedKey>
		</security>
	</MSM>
</WLANProfile>
",II_DiE_4,,0
http://sn,,,"NoteType:Wi-Fi Password
SSID:II_DiE_4
Password:
Connection Type:ESS
Connection Mode:manual
Authentication:open
Encryption:none
Use 802.1X:false
FIPS Mode:
Key Type:
Protected:
Key Index:
Notes:<?xml version=""1.0""?>
<WLANProfile xmlns=""http://www.microsoft.com/networking/WLAN/profile/v1"">
	<name>II_DiE_4 2</name>
	<SSIDConfig>
		<SSID>
			<hex>49495F4469455F34</hex>
			<name>II_DiE_4</name>
		</SSID>
	</SSIDConfig>
	<connectionType>ESS</connectionType>
	<connectionMode>manual</connectionMode>
	<MSM>
		<security>
			<authEncryption>
				<authentication>open</authentication>
				<encryption>none</encryption>
				<useOneX>false</useOneX>
			</authEncryption>
		</security>
	</MSM>
</WLANProfile>
",II_DiE_4 (2),,0
http://sn,,905103E0,"NoteType:Wi-Fi Password
SSID:PrimeHome-70
Password:905103E0
Connection Type:ESS
Connection Mode:manual
Authentication:WPA2PSK
Encryption:TKIP
Use 802.1X:false
FIPS Mode:
Key Type:passPhrase
Protected:false
Key Index:
Notes:<?xml version=""1.0""?>
<WLANProfile xmlns=""http://www.microsoft.com/networking/WLAN/profile/v1"">
	<name>PrimeHome-70</name>
	<SSIDConfig>
		<SSID>
			<hex>5072696D65486F6D652D3730</hex>
			<name>PrimeHome-70</name>
		</SSID>
	</SSIDConfig>
	<connectionType>ESS</connectionType>
	<connectionMode>manual</connectionMode>
	<MSM>
		<security>
			<authEncryption>
				<authentication>WPA2PSK</authentication>
				<encryption>TKIP</encryption>
				<useOneX>false</useOneX>
			</authEncryption>
			<sharedKey>
				<keyType>passPhrase</keyType>
				<protected>false</protected>
				<keyMaterial>905103E0</keyMaterial>
			</sharedKey>
		</security>
	</MSM>
</WLANProfile>
",PrimeHome-70,,0
http://sn,,,"d11fa0b4028dada43883ad7cbfbfece2dce14e363ebf429969b41ef0b80ce67b

u24e1!^4F%83Q09K",wallet,Finance,0
http://sn,,,FE34wFVzmd1z,s/mime pass,Secure notes,1
http://sn,,,"NoteType:Address
Title:mr
First Name:
Middle Name:
Last Name:
Username:
Gender:
Birthday:,,
Company:
Address 1:
Address 2:
Address 3:
City / Town:
County:
State:
Zip / Postal Code:
Country:CY
Timezone:+02:00,1
Email Address:
Phone:
Evening Phone:
Mobile Phone:
Fax:
Notes:",Default,,0
http://sn,,,"NoteType:Bank Account
Bank Name:BOC
Account Type:
Routing Number:
Account Number:
SWIFT Code:
IBAN Number:
Pin:
Branch Address:
Branch Phone:
Notes:",Bank of Cyprus,,0
http://sn,,,"NoteType:Credit Card
Name on Card:KARSERAS P LAMPROS
Type:
Number:4511742703210329
Security Code:224
Start Date:September,2015
Expiration Date:August,2018
Notes:",Bank of Cyprus,,0
http://sn,,,"NoteType:Address
Title:
First Name:
Middle Name:
Last Name:
Username:
Gender:
Birthday:,,
Company:
Address 1:
Address 2:
Address 3:
City / Town:
County:
State:
Zip / Postal Code:
Country:HU
Timezone:+01:00,1
Email Address:
Phone:
Evening Phone:
Mobile Phone:
Fax:
Notes:",Bank of Cyprus,,0
http://sn,,,"Your Active Directory account is
domain\user = HQ\lampros.karseras
passwd = Husband,Reluctant,Fantasy,Escapable,Crimson,Unplanned

Universal,Request,Deface",HD,Business,0
http://sn,,,"NoteType:Wi-Fi Password
SSID:Cyberair - Sterling Lettings
Password:
Connection Type:ESS
Connection Mode:auto
Authentication:open
Encryption:none
Use 802.1X:false
FIPS Mode:
Key Type:
Protected:
Key Index:
Notes:<?xml version=""1.0""?>
<WLANProfile xmlns=""http://www.microsoft.com/networking/WLAN/profile/v1"">
	<name>Cyberair - Sterling Lettings</name>
	<SSIDConfig>
		<SSID>
			<hex>4379626572616972202D20537465726C696E67204C657474696E6773</hex>
			<name>Cyberair - Sterling Lettings</name>
		</SSID>
	</SSIDConfig>
	<connectionType>ESS</connectionType>
	<connectionMode>auto</connectionMode>
	<MSM>
		<security>
			<authEncryption>
				<authentication>open</authentication>
				<encryption>none</encryption>
				<useOneX>false</useOneX>
			</authEncryption>
		</security>
	</MSM>
	<MacRandomization xmlns=""http://www.microsoft.com/networking/WLAN/profile/v3"">
		<enableRandomization>false</enableRandomization>
	</MacRandomization>
</WLANProfile>
",Cyberair - Sterling Lettings,,0
http://sn,,0m0noiara1,"NoteType:Wi-Fi Password
SSID:II_DiE_4_ext
Password:0m0noiara1
Connection Type:ESS
Connection Mode:auto
Authentication:WPA2PSK
Encryption:AES
Use 802.1X:false
FIPS Mode:
Key Type:passPhrase
Protected:false
Key Index:
Notes:<?xml version=""1.0""?>
<WLANProfile xmlns=""http://www.microsoft.com/networking/WLAN/profile/v1"">
	<name>II_DiE_4_ext</name>
	<SSIDConfig>
		<SSID>
			<hex>49495F4469455F345F657874</hex>
			<name>II_DiE_4_ext</name>
		</SSID>
	</SSIDConfig>
	<connectionType>ESS</connectionType>
	<connectionMode>auto</connectionMode>
	<MSM>
		<security>
			<authEncryption>
				<authentication>WPA2PSK</authentication>
				<encryption>AES</encryption>
				<useOneX>false</useOneX>
			</authEncryption>
			<sharedKey>
				<keyType>passPhrase</keyType>
				<protected>false</protected>
				<keyMaterial>0m0noiara1</keyMaterial>
			</sharedKey>
		</security>
	</MSM>
	<MacRandomization xmlns=""http://www.microsoft.com/networking/WLAN/profile/v3"">
		<enableRandomization>false</enableRandomization>
		<randomizationSeed>3963966819</randomizationSeed>
	</MacRandomization>
</WLANProfile>
",II_DiE_4_ext,,0
http://sn,,0m0noiara1,"NoteType:Wi-Fi Password
SSID:blabla
Password:0m0noiara1
Connection Type:ESS
Connection Mode:auto
Authentication:WPA2PSK
Encryption:AES
Use 802.1X:false
FIPS Mode:
Key Type:passPhrase
Protected:false
Key Index:
Notes:<?xml version=""1.0""?>
<WLANProfile xmlns=""http://www.microsoft.com/networking/WLAN/profile/v1"">
	<name>blabla</name>
	<SSIDConfig>
		<SSID>
			<hex>626C61626C61</hex>
			<name>blabla</name>
		</SSID>
	</SSIDConfig>
	<connectionType>ESS</connectionType>
	<connectionMode>auto</connectionMode>
	<MSM>
		<security>
			<authEncryption>
				<authentication>WPA2PSK</authentication>
				<encryption>AES</encryption>
				<useOneX>false</useOneX>
			</authEncryption>
			<sharedKey>
				<keyType>passPhrase</keyType>
				<protected>false</protected>
				<keyMaterial>0m0noiara1</keyMaterial>
			</sharedKey>
		</security>
	</MSM>
	<MacRandomization xmlns=""http://www.microsoft.com/networking/WLAN/profile/v3"">
		<enableRandomization>false</enableRandomization>
	</MacRandomization>
</WLANProfile>
",blabla,,0
http://sn,,0m0noiara1,"NoteType:Wi-Fi Password
SSID:desk-hots231
Password:0m0noiara1
Connection Type:ESS
Connection Mode:manual
Authentication:WPA2PSK
Encryption:AES
Use 802.1X:false
FIPS Mode:
Key Type:passPhrase
Protected:false
Key Index:
Notes:<?xml version=""1.0""?>
<WLANProfile xmlns=""http://www.microsoft.com/networking/WLAN/profile/v1"">
	<name>desk-hots231</name>
	<SSIDConfig>
		<SSID>
			<hex>6465736B2D686F7473323331</hex>
			<name>desk-hots231</name>
		</SSID>
	</SSIDConfig>
	<connectionType>ESS</connectionType>
	<connectionMode>manual</connectionMode>
	<MSM>
		<security>
			<authEncryption>
				<authentication>WPA2PSK</authentication>
				<encryption>AES</encryption>
				<useOneX>false</useOneX>
			</authEncryption>
			<sharedKey>
				<keyType>passPhrase</keyType>
				<protected>false</protected>
				<keyMaterial>0m0noiara1</keyMaterial>
			</sharedKey>
		</security>
	</MSM>
	<MacRandomization xmlns=""http://www.microsoft.com/networking/WLAN/profile/v3"">
		<enableRandomization>false</enableRandomization>
	</MacRandomization>
</WLANProfile>
",desk-hots231,,0
http://sn,,fourwordsalluppercase,"NoteType:Wi-Fi Password
SSID:psofopisina
Password:fourwordsalluppercase
Connection Type:ESS
Connection Mode:auto
Authentication:WPA2PSK
Encryption:AES
Use 802.1X:false
FIPS Mode:
Key Type:passPhrase
Protected:false
Key Index:
Notes:<?xml version=""1.0""?>
<WLANProfile xmlns=""http://www.microsoft.com/networking/WLAN/profile/v1"">
	<name>psofopisina</name>
	<SSIDConfig>
		<SSID>
			<hex>70736F666F706973696E61</hex>
			<name>psofopisina</name>
		</SSID>
	</SSIDConfig>
	<connectionType>ESS</connectionType>
	<connectionMode>auto</connectionMode>
	<MSM>
		<security>
			<authEncryption>
				<authentication>WPA2PSK</authentication>
				<encryption>AES</encryption>
				<useOneX>false</useOneX>
			</authEncryption>
			<sharedKey>
				<keyType>passPhrase</keyType>
				<protected>false</protected>
				<keyMaterial>fourwordsalluppercase</keyMaterial>
			</sharedKey>
		</security>
	</MSM>
	<MacRandomization xmlns=""http://www.microsoft.com/networking/WLAN/profile/v3"">
		<enableRandomization>false</enableRandomization>
	</MacRandomization>
</WLANProfile>
",psofopisina,,0
http://sn,,0m0noiara1,"NoteType:Wi-Fi Password
SSID:psofopisina_ext
Password:0m0noiara1
Connection Type:ESS
Connection Mode:manual
Authentication:WPA2PSK
Encryption:AES
Use 802.1X:false
FIPS Mode:
Key Type:passPhrase
Protected:false
Key Index:
Notes:<?xml version=""1.0""?>
<WLANProfile xmlns=""http://www.microsoft.com/networking/WLAN/profile/v1"">
	<name>psofopisina_ext</name>
	<SSIDConfig>
		<SSID>
			<hex>70736F666F706973696E615F657874</hex>
			<name>psofopisina_ext</name>
		</SSID>
	</SSIDConfig>
	<connectionType>ESS</connectionType>
	<connectionMode>manual</connectionMode>
	<MSM>
		<security>
			<authEncryption>
				<authentication>WPA2PSK</authentication>
				<encryption>AES</encryption>
				<useOneX>false</useOneX>
			</authEncryption>
			<sharedKey>
				<keyType>passPhrase</keyType>
				<protected>false</protected>
				<keyMaterial>0m0noiara1</keyMaterial>
			</sharedKey>
		</security>
	</MSM>
	<MacRandomization xmlns=""http://www.microsoft.com/networking/WLAN/profile/v3"">
		<enableRandomization>false</enableRandomization>
	</MacRandomization>
</WLANProfile>
",psofopisina_ext,,0
http://sn,,,"for checkpoint vpn 
configure a new site remote.hellasdirect.gr
username: lampros.karseras
password Mutt,Preacher,Tinderbox,Deplored,Policy,Carnation

{
    REDIS:
    {
        username: ,
        password: dVCa0RWkQqObGoAM!$nMpiQSp
    }
}",HD2020,Business,1
http://sn,,,"NoteType:Credit Card
Language:en-US
Expiration Date:January,2023
Name on Card:Lampros Karseras
Number:5391232117951454
Security Code:734
Start Date:
Type:Credit Card
Notes:
",Revolut,Finance,1
